epoch,moment_x_weight,moment_y_weight,twisting_moment_weight,shear_x_weight,shear_y_weight,moment_x_loss,moment_y_loss,twisting_moment_loss,weighted_moment_x_loss,weighted_moment_y_loss,weighted_twisting_moment_loss,moment_loss,shear_x_loss,shear_y_loss,weighted_shear_x_loss,weighted_shear_y_loss,shear_loss,equilibrium_loss,physics_loss,mxy_consistency_loss,mxy_consistency_scale,deflection_bc_loss,slope_bc_loss,moment_bc_loss,shear_bc_loss,boundary_loss,weighted_moment_loss,weighted_shear_loss,weighted_equilibrium_loss,weighted_boundary_loss,weighted_mxy_consistency_loss,total_loss,pcgrad_active,pcgrad_conflict_count,pcgrad_conflict_rate,pcgrad_projection_count,pcgrad_norm_moment_before,pcgrad_norm_moment_after,pcgrad_norm_shear_before,pcgrad_norm_shear_after,pcgrad_norm_equilibrium_before,pcgrad_norm_equilibrium_after,pcgrad_norm_boundary_before,pcgrad_norm_boundary_after,pcgrad_conflict_moment_shear,pcgrad_cos_moment_shear_before,pcgrad_cos_moment_shear_after,pcgrad_conflict_moment_equilibrium,pcgrad_cos_moment_equilibrium_before,pcgrad_cos_moment_equilibrium_after,pcgrad_conflict_moment_boundary,pcgrad_cos_moment_boundary_before,pcgrad_cos_moment_boundary_after,pcgrad_conflict_shear_equilibrium,pcgrad_cos_shear_equilibrium_before,pcgrad_cos_shear_equilibrium_after,pcgrad_conflict_shear_boundary,pcgrad_cos_shear_boundary_before,pcgrad_cos_shear_boundary_after,pcgrad_conflict_equilibrium_boundary,pcgrad_cos_equilibrium_boundary_before,pcgrad_cos_equilibrium_boundary_after,moment_weight,shear_weight,equilibrium_weight,boundary_weight,mxy_consistency_weight,foundation_enabled,fixed_monitor_physics_loss,fixed_monitor_moment_loss,fixed_monitor_moment_x_loss,fixed_monitor_moment_y_loss,fixed_monitor_twisting_moment_loss,fixed_monitor_shear_loss,fixed_monitor_equilibrium_loss,fixed_monitor_mxy_consistency_loss,fixed_monitor_mxy_consistency_scale,q_min,q_max,q_mean,q_rms,k_min,k_max,k_mean,k_rms
1,1.0,1.0,1.0,1.0,1.0,0.007482015527784824,0.3677290976047516,0.14146651327610016,0.007482015527784824,0.3677290976047516,0.14146651327610016,0.5166776180267334,0.7247510552406311,1.0160244703292847,0.7247510552406311,1.0160244703292847,1.7407755851745605,0.34007778763771057,2.5975310802459717,0.0,0.0,0.0,0.0,0.0,0.0,0.0,0.5166776180267334,0.34815511107444763,0.017003890126943588,0.0,0.0,0.8818366527557373,0.0,0.0,0.0,0.0,0.0,0.0,0.0,0.0,0.0,0.0,0.0,0.0,0.0,0.0,0.0,0.0,0.0,0.0,0.0,0.0,0.0,0.0,0.0,0.0,0.0,0.0,0.0,0.0,0.0,0.0,1.0,0.20000000298023224,0.05000000074505806,5.0,0.0,1,1.5382800102233887,0.32134872674942017,0.20527039468288422,0.08204051852226257,0.03403782099485397,0.6858865022659302,0.5310447216033936,0.0,0.0,1.0,2.00099515914917,1.2143003940582275,1.2292187213897705,20.185802459716797,199.3531494140625,101.25025177001953,125.52387237548828
100,1.0,1.0,1.0,1.0,1.0,3.8716487324563786e-05,1.4283515156421345e-05,5.33310685568722e-06,3.8716487324563786e-05,1.4283515156421345e-05,5.33310685568722e-06,5.833310933667235e-05,0.01142150443047285,0.012922855094075203,0.01142150443047285,0.012922855094075203,0.02434435859322548,0.7922609448432922,0.8166636228561401,0.0,0.0,0.0,0.0,0.0,0.0,0.0,5.833310933667235e-05,0.004868871998041868,0.03961304947733879,0.0,0.0,0.04454025626182556,0.0,0.0,0.0,0.0,0.0,0.0,0.0,0.0,0.0,0.0,0.0,0.0,0.0,0.0,0.0,0.0,0.0,0.0,0.0,0.0,0.0,0.0,0.0,0.0,0.0,0.0,0.0,0.0,0.0,0.0,1.0,0.20000000298023224,0.05000000074505806,5.0,0.0,1,0.81108558177948,6.335698708426207e-05,4.3958763853879645e-05,1.283523397432873e-05,6.5629888013063464e-06,0.02613895758986473,0.7848832607269287,0.0,0.0,1.0,2.00099515914917,1.2143003940582275,1.2292187213897705,20.185802459716797,199.3531494140625,101.25025177001953,125.52387237548828
200,1.0,1.0,1.0,1.0,1.0,4.37314847658854e-05,1.839241485868115e-05,5.143246380612254e-05,4.37314847658854e-05,1.839241485868115e-05,5.143246380612254e-05,0.00011355636524967849,0.011942951940000057,0.01226541493088007,0.011942951940000057,0.01226541493088007,0.024208366870880127,0.7878789901733398,0.8122009038925171,0.0,0.0,0.0,0.0,0.0,0.0,0.0,0.00011355636524967849,0.004841673653572798,0.03939395025372505,0.0,0.0,0.04434917867183685,0.0,0.0,0.0,0.0,0.0,0.0,0.0,0.0,0.0,0.0,0.0,0.0,0.0,0.0,0.0,0.0,0.0,0.0,0.0,0.0,0.0,0.0,0.0,0.0,0.0,0.0,0.0,0.0,0.0,0.0,1.0,0.20000000298023224,0.05000000074505806,5.0,0.0,1,0.797883152961731,0.00012975640129297972,5.0008547987090424e-05,2.0534509530989453e-05,5.921334377489984e-05,0.026589062064886093,0.7711643576622009,0.0,0.0,1.0,2.00099515914917,1.2143003940582275,1.2292187213897705,20.185802459716797,199.3531494140625,101.25025177001953,125.52387237548828
300,1.0,1.0,1.0,1.0,1.0,9.66427760431543e-05,4.9437672714702785e-05,0.00020358414622023702,9.66427760431543e-05,4.9437672714702785e-05,0.00020358414622023702,0.0003496645949780941,0.011503102257847786,0.01187158189713955,0.011503102257847786,0.01187158189713955,0.023374684154987335,0.7681601643562317,0.7918845415115356,0.0,0.0,0.0,0.0,0.0,0.0,0.0,0.0003496645949780941,0.004674937110394239,0.038408007472753525,0.0,0.0,0.043432608246803284,0.0,0.0,0.0,0.0,0.0,0.0,0.0,0.0,0.0,0.0,0.0,0.0,0.0,0.0,0.0,0.0,0.0,0.0,0.0,0.0,0.0,0.0,0.0,0.0,0.0,0.0,0.0,0.0,0.0,0.0,1.0,0.20000000298023224,0.05000000074505806,5.0,0.0,1,0.7843573689460754,0.0004162319819442928,0.00012005319877061993,5.445765782496892e-05,0.00024172113626264036,0.02521103248000145,0.7587301135063171,0.0,0.0,1.0,2.00099515914917,1.2143003940582275,1.2292187213897705,20.185802459716797,199.3531494140625,101.25025177001953,125.52387237548828
400,1.0,1.0,1.0,1.0,1.0,0.0003870106302201748,0.0001287667837459594,0.0003087193763349205,0.0003870106302201748,0.0001287667837459594,0.0003087193763349205,0.0008244967320933938,0.012207026593387127,0.012490197084844112,0.012207026593387127,0.012490197084844112,0.02469722367823124,0.7319115400314331,0.7574332356452942,0.0,0.0,0.0,0.0,0.0,0.0,0.0,0.0008244967320933938,0.004939444828778505,0.036595579236745834,0.0,0.0,0.04235951974987984,0.0,0.0,0.0,0.0,0.0,0.0,0.0,0.0,0.0,0.0,0.0,0.0,0.0,0.0,0.0,0.0,0.0,0.0,0.0,0.0,0.0,0.0,0.0,0.0,0.0,0.0,0.0,0.0,0.0,0.0,1.0,0.20000000298023224,0.05000000074505806,5.0,0.0,1,0.7547731995582581,0.0009101287578232586,0.00041719008004292846,0.0001306099584326148,0.0003623287193477154,0.026971720159053802,0.7268913388252258,0.0,0.0,1.0,2.00099515914917,1.2143003940582275,1.2292187213897705,20.185802459716797,199.3531494140625,101.25025177001953,125.52387237548828
500,1.0,1.0,1.0,1.0,1.0,0.0006451220833696425,0.0002331953146494925,0.0003612666332628578,0.0006451220833696425,0.0002331953146494925,0.0003612666332628578,0.0012395840603858232,0.012534141540527344,0.010522589087486267,0.012534141540527344,0.010522589087486267,0.02305673062801361,0.7224428653717041,0.7467392086982727,0.0,0.0,0.0,0.0,0.0,0.0,0.0,0.0012395840603858232,0.0046113464049994946,0.036122143268585205,0.0,0.0,0.04197307303547859,0.0,0.0,0.0,0.0,0.0,0.0,0.0,0.0,0.0,0.0,0.0,0.0,0.0,0.0,0.0,0.0,0.0,0.0,0.0,0.0,0.0,0.0,0.0,0.0,0.0,0.0,0.0,0.0,0.0,0.0,1.0,0.20000000298023224,0.05000000074505806,5.0,0.0,1,0.7381417155265808,0.001432108459994197,0.0007185289287008345,0.00026550228358246386,0.0004480771895032376,0.024638105183839798,0.7120714783668518,0.0,0.0,1.0,2.00099515914917,1.2143003940582275,1.2292187213897705,20.185802459716797,199.3531494140625,101.25025177001953,125.52387237548828
600,1.0,1.0,1.0,1.0,1.0,0.0009150246623903513,0.0006396096432581544,0.00039107949123717844,0.0009150246623903513,0.0006396096432581544,0.00039107949123717844,0.0019457137677818537,0.012582933530211449,0.010678538121283054,0.012582933530211449,0.010678538121283054,0.023261472582817078,0.6738549470901489,0.6990621089935303,0.0,0.0,0.0,0.0,0.0,0.0,0.0,0.0019457137677818537,0.004652294795960188,0.033692747354507446,0.0,0.0,0.04029075801372528,0.0,0.0,0.0,0.0,0.0,0.0,0.0,0.0,0.0,0.0,0.0,0.0,0.0,0.0,0.0,0.0,0.0,0.0,0.0,0.0,0.0,0.0,0.0,0.0,0.0,0.0,0.0,0.0,0.0,0.0,1.0,0.20000000298023224,0.05000000074505806,5.0,0.0,1,0.7052428126335144,0.002152909291908145,0.0009804448345676064,0.0007254833471961319,0.000446981139248237,0.02316155657172203,0.6799283623695374,0.0,0.0,1.0,2.00099515914917,1.2143003940582275,1.2292187213897705,20.185802459716797,199.3531494140625,101.25025177001953,125.52387237548828
700,1.0,1.0,1.0,1.0,1.0,0.0012136066798120737,0.0011726176599040627,0.00043997541069984436,0.0012136066798120737,0.0011726176599040627,0.00043997541069984436,0.0028261998668313026,0.009058956056833267,0.010940682142972946,0.009058956056833267,0.010940682142972946,0.019999638199806213,0.6520393490791321,0.674865186214447,0.0,0.0,0.0,0.0,0.0,0.0,0.0,0.0028261998668313026,0.003999927546828985,0.032601967453956604,0.0,0.0,0.039428096264600754,0.0,0.0,0.0,0.0,0.0,0.0,0.0,0.0,0.0,0.0,0.0,0.0,0.0,0.0,0.0,0.0,0.0,0.0,0.0,0.0,0.0,0.0,0.0,0.0,0.0,0.0,0.0,0.0,0.0,0.0,1.0,0.20000000298023224,0.05000000074505806,5.0,0.0,1,0.6705392599105835,0.0034399188589304686,0.0013592572649940848,0.0015161914052441716,0.0005644701304845512,0.024107057601213455,0.6429922580718994,0.0,0.0,1.0,2.00099515914917,1.2143003940582275,1.2292187213897705,20.185802459716797,199.3531494140625,101.25025177001953,125.52387237548828
800,1.0,1.0,1.0,1.0,1.0,0.0011142133735120296,0.0011617382988333702,0.00042877529631368816,0.0011142133735120296,0.0011617382988333702,0.00042877529631368816,0.0027047269977629185,0.012001430615782738,0.009736994281411171,0.012001430615782738,0.009736994281411171,0.02173842489719391,0.6332695484161377,0.6577126979827881,0.0,0.0,0.0,0.0,0.0,0.0,0.0,0.0027047269977629185,0.004347685258835554,0.031663477420806885,0.0,0.0,0.03871589154005051,0.0,0.0,0.0,0.0,0.0,0.0,0.0,0.0,0.0,0.0,0.0,0.0,0.0,0.0,0.0,0.0,0.0,0.0,0.0,0.0,0.0,0.0,0.0,0.0,0.0,0.0,0.0,0.0,0.0,0.0,1.0,0.20000000298023224,0.05000000074505806,5.0,0.0,1,0.6425763964653015,0.003445431124418974,0.0014041202375665307,0.0014416133053600788,0.0005996976979076862,0.029334167018532753,0.6097968220710754,0.0,0.0,1.0,2.00099515914917,1.2143003940582275,1.2292187213897705,20.185802459716797,199.3531494140625,101.25025177001953,125.52387237548828
900,1.0,1.0,1.0,1.0,1.0,0.0012014128733426332,0.0012561229523271322,0.0004562467511277646,0.0012014128733426332,0.0012561229523271322,0.0004562467511277646,0.0029137826059013605,0.013107427395880222,0.009598489850759506,0.013107427395880222,0.009598489850759506,0.022705916315317154,0.6286868453025818,0.6543065309524536,0.0,0.0,0.0,0.0,0.0,0.0,0.0,0.0029137826059013605,0.004541183356195688,0.03143434226512909,0.0,0.0,0.03888930752873421,0.0,0.0,0.0,0.0,0.0,0.0,0.0,0.0,0.0,0.0,0.0,0.0,0.0,0.0,0.0,0.0,0.0,0.0,0.0,0.0,0.0,0.0,0.0,0.0,0.0,0.0,0.0,0.0,0.0,0.0,1.0,0.20000000298023224,0.05000000074505806,5.0,0.0,1,0.6305201053619385,0.003384070238098502,0.0013113735476508737,0.0014523100107908249,0.0006203868542797863,0.030684269964694977,0.5964517593383789,0.0,0.0,1.0,2.00099515914917,1.2143003940582275,1.2292187213897705,20.185802459716797,199.3531494140625,101.25025177001953,125.52387237548828
1000,1.0,1.0,1.0,1.0,1.0,0.0013531435979530215,0.0014451778260990977,0.0005955961532890797,0.0013531435979530215,0.0014451778260990977,0.0005955961532890797,0.003393917577341199,0.017028680071234703,0.011071941815316677,0.017028680071234703,0.011071941815316677,0.028100620955228806,0.5958266854286194,0.6273212432861328,0.0,0.0,0.0,0.0,0.0,0.0,0.0,0.003393917577341199,0.005620124284178019,0.02979133464396,0.0,0.0,0.03880537673830986,0.0,0.0,0.0,0.0,0.0,0.0,0.0,0.0,0.0,0.0,0.0,0.0,0.0,0.0,0.0,0.0,0.0,0.0,0.0,0.0,0.0,0.0,0.0,0.0,0.0,0.0,0.0,0.0,0.0,0.0,1.0,0.20000000298023224,0.05000000074505806,5.0,0.0,1,0.6213101744651794,0.003956876695156097,0.0017506165895611048,0.001602602656930685,0.0006036574486643076,0.03284195065498352,0.5845113396644592,0.0,0.0,1.0,2.00099515914917,1.2143003940582275,1.2292187213897705,20.185802459716797,199.3531494140625,101.25025177001953,125.52387237548828
1100,1.0,1.0,1.0,1.0,1.0,0.0011164592579007149,0.0012564946664497256,0.00048056343803182244,0.0011164592579007149,0.0012564946664497256,0.00048056343803182244,0.002853517420589924,0.015517299063503742,0.01031430996954441,0.015517299063503742,0.01031430996954441,0.025831609964370728,0.599066436290741,0.6277515888214111,0.0,0.0,0.0,0.0,0.0,0.0,0.0,0.002853517420589924,0.0051663219928741455,0.02995332144200802,0.0,0.0,0.03797316178679466,0.0,0.0,0.0,0.0,0.0,0.0,0.0,0.0,0.0,0.0,0.0,0.0,0.0,0.0,0.0,0.0,0.0,0.0,0.0,0.0,0.0,0.0,0.0,0.0,0.0,0.0,0.0,0.0,0.0,0.0,1.0,0.20000000298023224,0.05000000074505806,5.0,0.0,1,0.6160544157028198,0.003504701191559434,0.0013274784432724118,0.0015240724897012115,0.0006531502585858107,0.02719149738550186,0.585358202457428,0.0,0.0,1.0,2.00099515914917,1.2143003940582275,1.2292187213897705,20.185802459716797,199.3531494140625,101.25025177001953,125.52387237548828
1200,1.0,1.0,1.0,1.0,1.0,0.0015939339064061642,0.0015258211642503738,0.0006028256029821932,0.0015939339064061642,0.0015258211642503738,0.0006028256029821932,0.0037225806154310703,0.014280551113188267,0.012225800193846226,0.014280551113188267,0.012225800193846226,0.026506351307034492,0.5857759118080139,0.6160048246383667,0.0,0.0,0.0,0.0,0.0,0.0,0.0,0.0037225806154310703,0.005301270168274641,0.029288796707987785,0.0,0.0,0.0383126474916935,0.0,0.0,0.0,0.0,0.0,0.0,0.0,0.0,0.0,0.0,0.0,0.0,0.0,0.0,0.0,0.0,0.0,0.0,0.0,0.0,0.0,0.0,0.0,0.0,0.0,0.0,0.0,0.0,0.0,0.0,1.0,0.20000000298023224,0.05000000074505806,5.0,0.0,1,0.5978966355323792,0.004000707063823938,0.0016290682833641768,0.00151075201574713,0.0008608867065049708,0.03311832621693611,0.5607776045799255,0.0,0.0,1.0,2.00099515914917,1.2143003940582275,1.2292187213897705,20.185802459716797,199.3531494140625,101.25025177001953,125.52387237548828
1300,1.0,1.0,1.0,1.0,1.0,0.001044334378093481,0.0010525421239435673,0.0004688031622208655,0.001044334378093481,0.0010525421239435673,0.0004688031622208655,0.002565679606050253,0.011378421448171139,0.01317698135972023,0.011378421448171139,0.01317698135972023,0.024555403739213943,0.581739068031311,0.6088601350784302,0.0,0.0,0.0,0.0,0.0,0.0,0.0,0.002565679606050253,0.004911080934107304,0.029086953029036522,0.0,0.0,0.03656371310353279,0.0,0.0,0.0,0.0,0.0,0.0,0.0,0.0,0.0,0.0,0.0,0.0,0.0,0.0,0.0,0.0,0.0,0.0,0.0,0.0,0.0,0.0,0.0,0.0,0.0,0.0,0.0,0.0,0.0,0.0,1.0,0.20000000298023224,0.05000000074505806,5.0,0.0,1,0.5985548496246338,0.003270804649218917,0.0013234647922217846,0.0013414708664640784,0.000605868932325393,0.031119167804718018,0.5641648769378662,0.0,0.0,1.0,2.00099515914917,1.2143003940582275,1.2292187213897705,20.185802459716797,199.3531494140625,101.25025177001953,125.52387237548828
1400,1.0,1.0,1.0,1.0,1.0,0.001118411193601787,0.001197673729620874,0.0005717048770748079,0.001118411193601787,0.001197673729620874,0.0005717048770748079,0.00288778985850513,0.015127529390156269,0.011936021037399769,0.015127529390156269,0.011936021037399769,0.027063550427556038,0.5845004320144653,0.6144517660140991,0.0,0.0,0.0,0.0,0.0,0.0,0.0,0.00288778985850513,0.00541271036490798,0.029225021600723267,0.0,0.0,0.037525519728660583,0.0,0.0,0.0,0.0,0.0,0.0,0.0,0.0,0.0,0.0,0.0,0.0,0.0,0.0,0.0,0.0,0.0,0.0,0.0,0.0,0.0,0.0,0.0,0.0,0.0,0.0,0.0,0.0,0.0,0.0,1.0,0.20000000298023224,0.05000000074505806,5.0,0.0,1,0.6032231450080872,0.003397471271455288,0.0013757902197539806,0.0014313661959022284,0.0005903149140067399,0.02889702469110489,0.5709286332130432,0.0,0.0,1.0,2.00099515914917,1.2143003940582275,1.2292187213897705,20.185802459716797,199.3531494140625,101.25025177001953,125.52387237548828
1500,1.0,1.0,1.0,1.0,1.0,0.001490319729782641,0.0015308333095163107,0.000465824588900432,0.001490319729782641,0.0015308333095163107,0.000465824588900432,0.003486977657303214,0.016214780509471893,0.013111240230500698,0.016214780509471893,0.013111240230500698,0.029326021671295166,0.557334840297699,0.590147852897644,0.0,0.0,0.0,0.0,0.0,0.0,0.0,0.003486977657303214,0.005865204613655806,0.02786674164235592,0.0,0.0,0.03721892461180687,0.0,0.0,0.0,0.0,0.0,0.0,0.0,0.0,0.0,0.0,0.0,0.0,0.0,0.0,0.0,0.0,0.0,0.0,0.0,0.0,0.0,0.0,0.0,0.0,0.0,0.0,0.0,0.0,0.0,0.0,1.0,0.20000000298023224,0.05000000074505806,5.0,0.0,1,0.5910636186599731,0.0046616182662546635,0.0020297211594879627,0.0020392697770148516,0.0005926271551288664,0.03363114967942238,0.5527708530426025,0.0,0.0,1.0,2.00099515914917,1.2143003940582275,1.2292187213897705,20.185802459716797,199.3531494140625,101.25025177001953,125.52387237548828
1600,1.0,1.0,1.0,1.0,1.0,0.0012030445504933596,0.0013744105817750096,0.0006401093560270965,0.0012030445504933596,0.0013744105817750096,0.0006401093560270965,0.0032175646629184484,0.013307228684425354,0.012527596205472946,0.013307228684425354,0.012527596205472946,0.0258348248898983,0.5777187943458557,0.6067711710929871,0.0,0.0,0.0,0.0,0.0,0.0,0.0,0.0032175646629184484,0.0051669650711119175,0.028885940089821815,0.0,0.0,0.03727047145366669,0.0,0.0,0.0,0.0,0.0,0.0,0.0,0.0,0.0,0.0,0.0,0.0,0.0,0.0,0.0,0.0,0.0,0.0,0.0,0.0,0.0,0.0,0.0,0.0,0.0,0.0,0.0,0.0,0.0,0.0,1.0,0.20000000298023224,0.05000000074505806,5.0,0.0,1,0.5869284272193909,0.003405468538403511,0.0013166923308745027,0.0014261046890169382,0.0006626715185120702,0.03447992354631424,0.5490430593490601,0.0,0.0,1.0,2.00099515914917,1.2143003940582275,1.2292187213897705,20.185802459716797,199.3531494140625,101.25025177001953,125.52387237548828
1700,1.0,1.0,1.0,1.0,1.0,0.0014180258149281144,0.0018029975472018123,0.00042575033148750663,0.0014180258149281144,0.0018029975472018123,0.00042575033148750663,0.0036467737518250942,0.016041427850723267,0.01260136254131794,0.016041427850723267,0.01260136254131794,0.028642790392041206,0.5626105666160583,0.5949001312255859,0.0,0.0,0.0,0.0,0.0,0.0,0.0,0.0036467737518250942,0.005728558171540499,0.028130529448390007,0.0,0.0,0.0375058613717556,0.0,0.0,0.0,0.0,0.0,0.0,0.0,0.0,0.0,0.0,0.0,0.0,0.0,0.0,0.0,0.0,0.0,0.0,0.0,0.0,0.0,0.0,0.0,0.0,0.0,0.0,0.0,0.0,0.0,0.0,1.0,0.20000000298023224,0.05000000074505806,5.0,0.0,1,0.5905141830444336,0.004397112410515547,0.0019380892626941204,0.0018737723585218191,0.0005852506728842854,0.0322825163602829,0.5538345575332642,0.0,0.0,1.0,2.00099515914917,1.2143003940582275,1.2292187213897705,20.185802459716797,199.3531494140625,101.25025177001953,125.52387237548828
1800,1.0,1.0,1.0,1.0,1.0,0.0012089904630556703,0.0016671628691256046,0.000661808589939028,0.0012089904630556703,0.0016671628691256046,0.000661808589939028,0.00353796174749732,0.016262562945485115,0.012003524228930473,0.016262562945485115,0.012003524228930473,0.02826608717441559,0.5553528666496277,0.5871568918228149,0.0,0.0,0.0,0.0,0.0,0.0,0.0,0.00353796174749732,0.005653217434883118,0.027767643332481384,0.0,0.0,0.03695882111787796,0.0,0.0,0.0,0.0,0.0,0.0,0.0,0.0,0.0,0.0,0.0,0.0,0.0,0.0,0.0,0.0,0.0,0.0,0.0,0.0,0.0,0.0,0.0,0.0,0.0,0.0,0.0,0.0,0.0,0.0,1.0,0.20000000298023224,0.05000000074505806,5.0,0.0,1,0.5887592434883118,0.004465763457119465,0.0017046655993908644,0.0021225910168141127,0.0006385068409144878,0.031769223511219025,0.5525242686271667,0.0,0.0,1.0,2.00099515914917,1.2143003940582275,1.2292187213897705,20.185802459716797,199.3531494140625,101.25025177001953,125.52387237548828
1900,1.0,1.0,1.0,1.0,1.0,0.0013682900462299585,0.0015216266037896276,0.00046609656419605017,0.0013682900462299585,0.0015216266037896276,0.00046609656419605017,0.00335601344704628,0.01778303273022175,0.012090876698493958,0.01778303273022175,0.012090876698493958,0.029873909428715706,0.5539355874061584,0.5871655344963074,0.0,0.0,0.0,0.0,0.0,0.0,0.0,0.00335601344704628,0.0059747821651399136,0.027696778997778893,0.0,0.0,0.03702757507562637,0.0,0.0,0.0,0.0,0.0,0.0,0.0,0.0,0.0,0.0,0.0,0.0,0.0,0.0,0.0,0.0,0.0,0.0,0.0,0.0,0.0,0.0,0.0,0.0,0.0,0.0,0.0,0.0,0.0,0.0,1.0,0.20000000298023224,0.05000000074505806,5.0,0.0,1,0.581781268119812,0.004138509277254343,0.001331620616838336,0.0020471150055527687,0.0007597734802402556,0.03309628367424011,0.5445464849472046,0.0,0.0,1.0,2.00099515914917,1.2143003940582275,1.2292187213897705,20.185802459716797,199.3531494140625,101.25025177001953,125.52387237548828
2000,1.0,1.0,1.0,1.0,1.0,0.0015599284088239074,0.0018448337214067578,0.00042941939318552613,0.0015599284088239074,0.0018448337214067578,0.00042941939318552613,0.0038341814652085304,0.01241225190460682,0.0119933458045125,0.01241225190460682,0.0119933458045125,0.024405598640441895,0.574376106262207,0.6026158928871155,0.0,0.0,0.0,0.0,0.0,0.0,0.0,0.0038341814652085304,0.004881119821220636,0.02871880494058132,0.0,0.0,0.037434108555316925,0.0,0.0,0.0,0.0,0.0,0.0,0.0,0.0,0.0,0.0,0.0,0.0,0.0,0.0,0.0,0.0,0.0,0.0,0.0,0.0,0.0,0.0,0.0,0.0,0.0,0.0,0.0,0.0,0.0,0.0,1.0,0.20000000298023224,0.05000000074505806,5.0,0.0,1,0.572735071182251,0.004363328218460083,0.001693971804343164,0.002080929232761264,0.0005884273559786379,0.03568786382675171,0.5326839089393616,0.0,0.0,1.0,2.00099515914917,1.2143003940582275,1.2292187213897705,20.185802459716797,199.3531494140625,101.25025177001953,125.52387237548828
2100,1.0,1.0,1.0,1.0,1.0,0.0016354888211935759,0.001490474445745349,0.0005143550806678832,0.0016354888211935759,0.001490474445745349,0.0005143550806678832,0.003640318289399147,0.014373083598911762,0.01311694085597992,0.014373083598911762,0.01311694085597992,0.027490023523569107,0.5845494270324707,0.6156797409057617,0.0,0.0,0.0,0.0,0.0,0.0,0.0,0.003640318289399147,0.005498004611581564,0.029227470979094505,0.0,0.0,0.03836579620838165,0.0,0.0,0.0,0.0,0.0,0.0,0.0,0.0,0.0,0.0,0.0,0.0,0.0,0.0,0.0,0.0,0.0,0.0,0.0,0.0,0.0,0.0,0.0,0.0,0.0,0.0,0.0,0.0,0.0,0.0,1.0,0.20000000298023224,0.05000000074505806,5.0,0.0,1,0.5849353671073914,0.0031780994031578302,0.0013372093671932817,0.0012586303055286407,0.0005822597886435688,0.03260524943470955,0.5491520166397095,0.0,0.0,1.0,2.00099515914917,1.2143003940582275,1.2292187213897705,20.185802459716797,199.3531494140625,101.25025177001953,125.52387237548828
2200,1.0,1.0,1.0,1.0,1.0,0.001271422253921628,0.001236066222190857,0.0008548921905457973,0.001271422253921628,0.001236066222190857,0.0008548921905457973,0.0033623806666582823,0.015607128851115704,0.013378472067415714,0.015607128851115704,0.013378472067415714,0.028985600918531418,0.5389660000801086,0.5713139772415161,0.0,0.0,0.0,0.0,0.0,0.0,0.0,0.0033623806666582823,0.005797120276838541,0.02694830112159252,0.0,0.0,0.03610780090093613,0.0,0.0,0.0,0.0,0.0,0.0,0.0,0.0,0.0,0.0,0.0,0.0,0.0,0.0,0.0,0.0,0.0,0.0,0.0,0.0,0.0,0.0,0.0,0.0,0.0,0.0,0.0,0.0,0.0,0.0,1.0,0.20000000298023224,0.05000000074505806,5.0,0.0,1,0.5622986555099487,0.003968418575823307,0.001606329227797687,0.0013893749564886093,0.0009727141004987061,0.029753834009170532,0.5285763740539551,0.0,0.0,1.0,2.00099515914917,1.2143003940582275,1.2292187213897705,20.185802459716797,199.3531494140625,101.25025177001953,125.52387237548828
2300,1.0,1.0,1.0,1.0,1.0,0.0017375457100570202,0.0013946692924946547,0.0010237821843475103,0.0017375457100570202,0.0013946692924946547,0.0010237821843475103,0.004155997186899185,0.013400064781308174,0.00947117991745472,0.013400064781308174,0.00947117991745472,0.022871244698762894,0.5363861918449402,0.5634134411811829,0.0,0.0,0.0,0.0,0.0,0.0,0.0,0.004155997186899185,0.004574249032884836,0.02681930921971798,0.0,0.0,0.035549554973840714,0.0,0.0,0.0,0.0,0.0,0.0,0.0,0.0,0.0,0.0,0.0,0.0,0.0,0.0,0.0,0.0,0.0,0.0,0.0,0.0,0.0,0.0,0.0,0.0,0.0,0.0,0.0,0.0,0.0,0.0,1.0,0.20000000298023224,0.05000000074505806,5.0,0.0,1,0.5373064279556274,0.003991654608398676,0.0017822192749008536,0.0013826434733346105,0.0008267916855402291,0.03153519704937935,0.5017795562744141,0.0,0.0,1.0,2.00099515914917,1.2143003940582275,1.2292187213897705,20.185802459716797,199.3531494140625,101.25025177001953,125.52387237548828
2400,1.0,1.0,1.0,1.0,1.0,0.002072321018204093,0.002267272211611271,0.0008092416683211923,0.002072321018204093,0.002267272211611271,0.0008092416683211923,0.005148835014551878,0.012042466551065445,0.009789693169295788,0.012042466551065445,0.009789693169295788,0.021832160651683807,0.4934461712837219,0.5204271674156189,0.0,0.0,0.0,0.0,0.0,0.0,0.0,0.005148835014551878,0.004366432316601276,0.024672308936715126,0.0,0.0,0.03418757766485214,0.0,0.0,0.0,0.0,0.0,0.0,0.0,0.0,0.0,0.0,0.0,0.0,0.0,0.0,0.0,0.0,0.0,0.0,0.0,0.0,0.0,0.0,0.0,0.0,0.0,0.0,0.0,0.0,0.0,0.0,1.0,0.20000000298023224,0.05000000074505806,5.0,0.0,1,0.520818293094635,0.006033696234226227,0.002629847964271903,0.0024737168569117785,0.0009301314130425453,0.028190966695547104,0.4865936040878296,0.0,0.0,1.0,2.00099515914917,1.2143003940582275,1.2292187213897705,20.185802459716797,199.3531494140625,101.25025177001953,125.52387237548828
2500,1.0,1.0,1.0,1.0,1.0,0.0011719460599124432,0.0011601964943110943,0.0010092989541590214,0.0011719460599124432,0.0011601964943110943,0.0010092989541590214,0.003341441508382559,0.015011390671133995,0.01111376192420721,0.015011390671133995,0.01111376192420721,0.02612515166401863,0.4531518220901489,0.48261842131614685,0.0,0.0,0.0,0.0,0.0,0.0,0.0,0.003341441508382559,0.005225030239671469,0.022657591849565506,0.0,0.0,0.031224064528942108,0.0,0.0,0.0,0.0,0.0,0.0,0.0,0.0,0.0,0.0,0.0,0.0,0.0,0.0,0.0,0.0,0.0,0.0,0.0,0.0,0.0,0.0,0.0,0.0,0.0,0.0,0.0,0.0,0.0,0.0,1.0,0.20000000298023224,0.05000000074505806,5.0,0.0,1,0.48999693989753723,0.004547733813524246,0.001628741156309843,0.0016247672028839588,0.0012942255707457662,0.028276490047574043,0.4571727216243744,0.0,0.0,1.0,2.00099515914917,1.2143003940582275,1.2292187213897705,20.185802459716797,199.3531494140625,101.25025177001953,125.52387237548828
2600,1.0,1.0,1.0,1.0,1.0,0.0012238806812092662,0.001731534255668521,0.0014689054805785418,0.0012238806812092662,0.001731534255668521,0.0014689054805785418,0.004424320533871651,0.011610510759055614,0.012689690105617046,0.011610510759055614,0.012689690105617046,0.02430020086467266,0.4457284212112427,0.474452942609787,0.0,0.0,0.0,0.0,0.0,0.0,0.0,0.004424320533871651,0.00486004026606679,0.022286420688033104,0.0,0.0,0.03157078102231026,0.0,0.0,0.0,0.0,0.0,0.0,0.0,0.0,0.0,0.0,0.0,0.0,0.0,0.0,0.0,0.0,0.0,0.0,0.0,0.0,0.0,0.0,0.0,0.0,0.0,0.0,0.0,0.0,0.0,0.0,1.0,0.20000000298023224,0.05000000074505806,5.0,0.0,1,0.4722488820552826,0.004921436309814453,0.0013281514402478933,0.002052539261057973,0.0015407453756779432,0.02398025430738926,0.44334718585014343,0.0,0.0,1.0,2.00099515914917,1.2143003940582275,1.2292187213897705,20.185802459716797,199.3531494140625,101.25025177001953,125.52387237548828
2700,1.0,1.0,1.0,1.0,1.0,0.0011195889674127102,0.0009816407691687346,0.0019361131126061082,0.0011195889674127102,0.0009816407691687346,0.0019361131126061082,0.004037342965602875,0.01516936905682087,0.010005968622863293,0.01516936905682087,0.010005968622863293,0.025175336748361588,0.40091177821159363,0.4301244616508484,0.0,0.0,0.0,0.0,0.0,0.0,0.0,0.004037342965602875,0.005035067442804575,0.02004558965563774,0.0,0.0,0.029117999598383904,0.0,0.0,0.0,0.0,0.0,0.0,0.0,0.0,0.0,0.0,0.0,0.0,0.0,0.0,0.0,0.0,0.0,0.0,0.0,0.0,0.0,0.0,0.0,0.0,0.0,0.0,0.0,0.0,0.0,0.0,1.0,0.20000000298023224,0.05000000074505806,5.0,0.0,1,0.4330688416957855,0.005877156741917133,0.0014719225000590086,0.0017666473286226392,0.0026385870296508074,0.02573956549167633,0.40145212411880493,0.0,0.0,1.0,2.00099515914917,1.2143003940582275,1.2292187213897705,20.185802459716797,199.3531494140625,101.25025177001953,125.52387237548828
2800,1.0,1.0,1.0,1.0,1.0,0.0009042636374942958,0.0013671701308339834,0.002460021525621414,0.0009042636374942958,0.0013671701308339834,0.002460021525621414,0.004731455352157354,0.011520899832248688,0.010896322317421436,0.011520899832248688,0.010896322317421436,0.02241722121834755,0.3487221598625183,0.37587082386016846,0.0,0.0,0.0,0.0,0.0,0.0,0.0,0.004731455352157354,0.004483444150537252,0.017436107620596886,0.0,0.0,0.026651006191968918,0.0,0.0,0.0,0.0,0.0,0.0,0.0,0.0,0.0,0.0,0.0,0.0,0.0,0.0,0.0,0.0,0.0,0.0,0.0,0.0,0.0,0.0,0.0,0.0,0.0,0.0,0.0,0.0,0.0,0.0,1.0,0.20000000298023224,0.05000000074505806,5.0,0.0,1,0.3658655285835266,0.005782147869467735,0.0009343727142550051,0.0016508609987795353,0.003196913981810212,0.025436650961637497,0.33464673161506653,0.0,0.0,1.0,2.00099515914917,1.2143003940582275,1.2292187213897705,20.185802459716797,199.3531494140625,101.25025177001953,125.52387237548828
2900,1.0,1.0,1.0,1.0,1.0,0.0007784076151438057,0.0013659398537129164,0.0028213956393301487,0.0007784076151438057,0.0013659398537129164,0.0028213956393301487,0.00496574304997921,0.009076062589883804,0.008071063086390495,0.009076062589883804,0.008071063086390495,0.0171471256762743,0.32848846912384033,0.35060134530067444,0.0,0.0,0.0,0.0,0.0,0.0,0.0,0.00496574304997921,0.0034294251818209887,0.016424423083662987,0.0,0.0,0.024819590151309967,0.0,0.0,0.0,0.0,0.0,0.0,0.0,0.0,0.0,0.0,0.0,0.0,0.0,0.0,0.0,0.0,0.0,0.0,0.0,0.0,0.0,0.0,0.0,0.0,0.0,0.0,0.0,0.0,0.0,0.0,1.0,0.20000000298023224,0.05000000074505806,5.0,0.0,1,0.3232104182243347,0.006803819909691811,0.0010605003917589784,0.0021268753334879875,0.0036164443008601665,0.02749820426106453,0.2889083921909332,0.0,0.0,1.0,2.00099515914917,1.2143003940582275,1.2292187213897705,20.185802459716797,199.3531494140625,101.25025177001953,125.52387237548828
3000,1.0,1.0,1.0,1.0,1.0,0.0008398494101129472,0.0009317083167843521,0.002950933063402772,0.0008398494101129472,0.0009317083167843521,0.002950933063402772,0.004722490906715393,0.013427693396806717,0.009540136903524399,0.013427693396806717,0.009540136903524399,0.022967830300331116,0.27851569652557373,0.30620601773262024,0.0,0.0,0.0,0.0,0.0,0.0,0.0,0.004722490906715393,0.004593566060066223,0.013925785198807716,0.0,0.0,0.023241842165589333,0.0,0.0,0.0,0.0,0.0,0.0,0.0,0.0,0.0,0.0,0.0,0.0,0.0,0.0,0.0,0.0,0.0,0.0,0.0,0.0,0.0,0.0,0.0,0.0,0.0,0.0,0.0,0.0,0.0,0.0,1.0,0.20000000298023224,0.05000000074505806,5.0,0.0,1,0.29493874311447144,0.005888666957616806,0.001114128390327096,0.0012449313653632998,0.0035296070855110884,0.02631669119000435,0.2627333700656891,0.0,0.0,1.0,2.00099515914917,1.2143003940582275,1.2292187213897705,20.185802459716797,199.3531494140625,101.25025177001953,125.52387237548828
3100,1.0,1.0,1.0,1.0,1.0,0.008169256150722504,0.01356662716716528,0.016635000705718994,0.008169256150722504,0.01356662716716528,0.016635000705718994,0.03837088495492935,0.012907854281365871,0.010207170620560646,0.012907854281365871,0.010207170620560646,0.023115023970603943,0.04692526161670685,0.10841117054224014,0.0,0.0,0.0,0.0,0.0,0.0,0.0,0.03837088495492935,0.046230047941207886,0.04692526161670685,0.0,0.0,0.13152620196342468,0.0,0.0,0.0,0.0,0.0,0.0,0.0,0.0,0.0,0.0,0.0,0.0,0.0,0.0,0.0,0.0,0.0,0.0,0.0,0.0,0.0,0.0,0.0,0.0,0.0,0.0,0.0,0.0,0.0,0.0,1.0,2.0,1.0,2.0,0.0,1,0.12550044059753418,0.05174467712640762,0.010567869059741497,0.01860899105668068,0.022567814216017723,0.026601988822221756,0.0471537783741951,0.0,0.0,1.0,2.00099515914917,1.2143003940582275,1.2292187213897705,20.185802459716797,199.3531494140625,101.25025177001953,125.52387237548828
3200,1.0,1.0,1.0,1.0,1.0,0.00717200618237257,0.009642092511057854,0.014664608985185623,0.00717200618237257,0.009642092511057854,0.014664608985185623,0.03147870674729347,0.005283451173454523,0.0076819295063614845,0.005283451173454523,0.0076819295063614845,0.012965381145477295,0.02903302200138569,0.0734771117568016,0.0,0.0,0.0,0.0,0.0,0.0,0.0,0.03147870674729347,0.02593076229095459,0.02903302200138569,0.0,0.0,0.0864424929022789,0.0,0.0,0.0,0.0,0.0,0.0,0.0,0.0,0.0,0.0,0.0,0.0,0.0,0.0,0.0,0.0,0.0,0.0,0.0,0.0,0.0,0.0,0.0,0.0,0.0,0.0,0.0,0.0,0.0,0.0,1.0,2.0,1.0,2.0,0.0,1,0.08663047105073929,0.04196082428097725,0.008435061201453209,0.013678435236215591,0.01984732784330845,0.016633450984954834,0.028036195784807205,0.0,0.0,1.0,2.00099515914917,1.2143003940582275,1.2292187213897705,20.185802459716797,199.3531494140625,101.25025177001953,125.52387237548828
3300,1.0,1.0,1.0,1.0,1.0,0.004693574272096157,0.008202402852475643,0.013686543330550194,0.004693574272096157,0.008202402852475643,0.013686543330550194,0.026582520455121994,0.002830744720995426,0.006863458082079887,0.002830744720995426,0.006863458082079887,0.009694202803075314,0.017752239480614662,0.054028965532779694,0.0,0.0,0.0,0.0,0.0,0.0,0.0,0.026582520455121994,0.019388405606150627,0.017752239480614662,0.0,0.0,0.06372316181659698,0.0,0.0,0.0,0.0,0.0,0.0,0.0,0.0,0.0,0.0,0.0,0.0,0.0,0.0,0.0,0.0,0.0,0.0,0.0,0.0,0.0,0.0,0.0,0.0,0.0,0.0,0.0,0.0,0.0,0.0,1.0,2.0,1.0,2.0,0.0,1,0.06431365758180618,0.03468192368745804,0.006346452049911022,0.010457471013069153,0.01787799783051014,0.011570495553314686,0.018061241135001183,0.0,0.0,1.0,2.00099515914917,1.2143003940582275,1.2292187213897705,20.185802459716797,199.3531494140625,101.25025177001953,125.52387237548828
3400,1.0,1.0,1.0,1.0,1.0,0.004614538978785276,0.006284474395215511,0.01285217422991991,0.004614538978785276,0.006284474395215511,0.01285217422991991,0.023751188069581985,0.0019821033347398043,0.005523733329027891,0.0019821033347398043,0.005523733329027891,0.007505836896598339,0.0139200733974576,0.045177098363637924,0.0,0.0,0.0,0.0,0.0,0.0,0.0,0.023751188069581985,0.015011673793196678,0.0139200733974576,0.0,0.0,0.05268293246626854,0.0,0.0,0.0,0.0,0.0,0.0,0.0,0.0,0.0,0.0,0.0,0.0,0.0,0.0,0.0,0.0,0.0,0.0,0.0,0.0,0.0,0.0,0.0,0.0,0.0,0.0,0.0,0.0,0.0,0.0,1.0,2.0,1.0,2.0,0.0,1,0.05199386551976204,0.029070179909467697,0.005393057595938444,0.007843433879315853,0.015833688899874687,0.009530438110232353,0.013393249362707138,0.0,0.0,1.0,2.00099515914917,1.2143003940582275,1.2292187213897705,20.185802459716797,199.3531494140625,101.25025177001953,125.52387237548828
3500,1.0,1.0,1.0,1.0,1.0,0.003136098850518465,0.005297997500747442,0.010984822176396847,0.003136098850518465,0.005297997500747442,0.010984822176396847,0.01941891759634018,0.001813734183087945,0.004212255589663982,0.001813734183087945,0.004212255589663982,0.006025989539921284,0.00976877473294735,0.03521367907524109,0.0,0.0,0.0,0.0,0.0,0.0,0.0,0.01941891759634018,0.012051979079842567,0.00976877473294735,0.0,0.0,0.041239671409130096,0.0,0.0,0.0,0.0,0.0,0.0,0.0,0.0,0.0,0.0,0.0,0.0,0.0,0.0,0.0,0.0,0.0,0.0,0.0,0.0,0.0,0.0,0.0,0.0,0.0,0.0,0.0,0.0,0.0,0.0,1.0,2.0,1.0,2.0,0.0,1,0.04337919130921364,0.024523235857486725,0.004293662495911121,0.006314821075648069,0.013914751820266247,0.008417187258601189,0.01043876726180315,0.0,0.0,1.0,2.00099515914917,1.2143003940582275,1.2292187213897705,20.185802459716797,199.3531494140625,101.25025177001953,125.52387237548828
3600,1.0,1.0,1.0,1.0,1.0,0.0033535182010382414,0.004688950255513191,0.00828598439693451,0.0033535182010382414,0.004688950255513191,0.00828598439693451,0.01632845401763916,0.0017986514139920473,0.0029089744202792645,0.0017986514139920473,0.0029089744202792645,0.004707626067101955,0.008007499389350414,0.02904358133673668,0.0,0.0,0.0,0.0,0.0,0.0,0.0,0.01632845401763916,0.00941525213420391,0.008007499389350414,0.0,0.0,0.03375120460987091,0.0,0.0,0.0,0.0,0.0,0.0,0.0,0.0,0.0,0.0,0.0,0.0,0.0,0.0,0.0,0.0,0.0,0.0,0.0,0.0,0.0,0.0,0.0,0.0,0.0,0.0,0.0,0.0,0.0,0.0,1.0,2.0,1.0,2.0,0.0,1,0.03505605086684227,0.019686874002218246,0.0034915695432573557,0.005481748841702938,0.010713556781411171,0.007314963266253471,0.008054214529693127,0.0,0.0,1.0,2.00099515914917,1.2143003940582275,1.2292187213897705,20.185802459716797,199.3531494140625,101.25025177001953,125.52387237548828
3700,1.0,1.0,1.0,1.0,1.0,0.0024128654040396214,0.0033437416423112154,0.0061011952348053455,0.0024128654040396214,0.0033437416423112154,0.0061011952348053455,0.011857802048325539,0.0016376497223973274,0.0028302890714257956,0.0016376497223973274,0.0028302890714257956,0.004467939026653767,0.007059592287987471,0.023385334759950638,0.0,0.0,0.0,0.0,0.0,0.0,0.0,0.011857802048325539,0.008935878053307533,0.007059592287987471,0.0,0.0,0.02785327285528183,0.0,0.0,0.0,0.0,0.0,0.0,0.0,0.0,0.0,0.0,0.0,0.0,0.0,0.0,0.0,0.0,0.0,0.0,0.0,0.0,0.0,0.0,0.0,0.0,0.0,0.0,0.0,0.0,0.0,0.0,1.0,2.0,1.0,2.0,0.0,1,0.02874305471777916,0.015417274087667465,0.0025832075625658035,0.004530973266810179,0.008303092792630196,0.006161349825561047,0.007164429873228073,0.0,0.0,1.0,2.00099515914917,1.2143003940582275,1.2292187213897705,20.185802459716797,199.3531494140625,101.25025177001953,125.52387237548828
3800,1.0,1.0,1.0,1.0,1.0,0.002208927646279335,0.002922424580901861,0.004943801090121269,0.002208927646279335,0.002922424580901861,0.004943801090121269,0.010075153782963753,0.0015069381333887577,0.001924804993905127,0.0015069381333887577,0.001924804993905127,0.003431743010878563,0.005402705166488886,0.018909601494669914,0.0,0.0,0.0,0.0,0.0,0.0,0.0,0.010075153782963753,0.006863486021757126,0.005402705166488886,0.0,0.0,0.022341344505548477,0.0,0.0,0.0,0.0,0.0,0.0,0.0,0.0,0.0,0.0,0.0,0.0,0.0,0.0,0.0,0.0,0.0,0.0,0.0,0.0,0.0,0.0,0.0,0.0,0.0,0.0,0.0,0.0,0.0,0.0,1.0,2.0,1.0,2.0,0.0,1,0.024995263665914536,0.013893608003854752,0.0027346466667950153,0.004094204865396023,0.007064756937325001,0.004732205532491207,0.0063694496639072895,0.0,0.0,1.0,2.00099515914917,1.2143003940582275,1.2292187213897705,20.185802459716797,199.3531494140625,101.25025177001953,125.52387237548828
3900,1.0,1.0,1.0,1.0,1.0,0.0015250056749209762,0.002408691681921482,0.004306459799408913,0.0015250056749209762,0.002408691681921482,0.004306459799408913,0.00824015773832798,0.001271498273126781,0.001681838883087039,0.001271498273126781,0.001681838883087039,0.002953337039798498,0.004753218963742256,0.01594671420753002,0.0,0.0,0.0,0.0,0.0,0.0,0.0,0.00824015773832798,0.005906674079596996,0.004753218963742256,0.0,0.0,0.018900051712989807,0.0,0.0,0.0,0.0,0.0,0.0,0.0,0.0,0.0,0.0,0.0,0.0,0.0,0.0,0.0,0.0,0.0,0.0,0.0,0.0,0.0,0.0,0.0,0.0,0.0,0.0,0.0,0.0,0.0,0.0,1.0,2.0,1.0,2.0,0.0,1,0.021776610985398293,0.011650903150439262,0.0017458942020311952,0.0034730066545307636,0.006432002875953913,0.004434959497302771,0.0056907483376562595,0.0,0.0,1.0,2.00099515914917,1.2143003940582275,1.2292187213897705,20.185802459716797,199.3531494140625,101.25025177001953,125.52387237548828
4000,1.0,1.0,1.0,1.0,1.0,0.001324787619523704,0.0019881627522408962,0.004263442475348711,0.001324787619523704,0.0019881627522408962,0.004263442475348711,0.007576392963528633,0.0013330761576071382,0.0011998915579169989,0.0013330761576071382,0.0011998915579169989,0.002532967831939459,0.003991080913692713,0.014100441709160805,0.0,0.0,0.0,0.0,0.0,0.0,0.0,0.007576392963528633,0.005065935663878918,0.003991080913692713,0.0,0.0,0.01663341000676155,0.0,0.0,0.0,0.0,0.0,0.0,0.0,0.0,0.0,0.0,0.0,0.0,0.0,0.0,0.0,0.0,0.0,0.0,0.0,0.0,0.0,0.0,0.0,0.0,0.0,0.0,0.0,0.0,0.0,0.0,1.0,2.0,1.0,2.0,0.0,1,0.018807746469974518,0.009775727055966854,0.0014632324455305934,0.0026464704424142838,0.005666024051606655,0.00374403758905828,0.0052879806607961655,0.0,0.0,1.0,2.00099515914917,1.2143003940582275,1.2292187213897705,20.185802459716797,199.3531494140625,101.25025177001953,125.52387237548828
4100,1.0,1.0,1.0,1.0,1.0,0.0017230261582881212,0.001996605424210429,0.003538792487233877,0.0017230261582881212,0.001996605424210429,0.003538792487233877,0.007258424069732428,0.0011115781962871552,0.0011412660824134946,0.0011115781962871552,0.0011412660824134946,0.002252844162285328,0.004344490356743336,0.013855758123099804,0.0,0.0,0.0,0.0,0.0,0.0,0.0,0.007258424069732428,0.004505688324570656,0.004344490356743336,0.0,0.0,0.016108602285385132,0.0,0.0,0.0,0.0,0.0,0.0,0.0,0.0,0.0,0.0,0.0,0.0,0.0,0.0,0.0,0.0,0.0,0.0,0.0,0.0,0.0,0.0,0.0,0.0,0.0,0.0,0.0,0.0,0.0,0.0,1.0,2.0,1.0,2.0,0.0,1,0.017026852816343307,0.008600295521318913,0.001417534425854683,0.0020701850298792124,0.0051125758327543736,0.003452677745372057,0.004973880015313625,0.0,0.0,1.0,2.00099515914917,1.2143003940582275,1.2292187213897705,20.185802459716797,199.3531494140625,101.25025177001953,125.52387237548828
4200,1.0,1.0,1.0,1.0,1.0,0.0009198483312502503,0.0014708584640175104,0.0033846450969576836,0.0009198483312502503,0.0014708584640175104,0.0033846450969576836,0.005775352008640766,0.001536427647806704,0.0009833985241129994,0.001536427647806704,0.0009833985241129994,0.0025198261719197035,0.003571684705093503,0.011866862885653973,0.0,0.0,0.0,0.0,0.0,0.0,0.0,0.005775352008640766,0.005039652343839407,0.003571684705093503,0.0,0.0,0.014386688359081745,0.0,0.0,0.0,0.0,0.0,0.0,0.0,0.0,0.0,0.0,0.0,0.0,0.0,0.0,0.0,0.0,0.0,0.0,0.0,0.0,0.0,0.0,0.0,0.0,0.0,0.0,0.0,0.0,0.0,0.0,1.0,2.0,1.0,2.0,0.0,1,0.01593777723610401,0.0077796997502446175,0.0011073622154071927,0.0016823800979182124,0.004989957436919212,0.003605371341109276,0.004552705679088831,0.0,0.0,1.0,2.00099515914917,1.2143003940582275,1.2292187213897705,20.185802459716797,199.3531494140625,101.25025177001953,125.52387237548828
4300,1.0,1.0,1.0,1.0,1.0,0.0006187581457197666,0.0012038575951009989,0.0029749125242233276,0.0006187581457197666,0.0012038575951009989,0.0029749125242233276,0.004797528497874737,0.0010983843822032213,0.0009627870749682188,0.0010983843822032213,0.0009627870749682188,0.00206117145717144,0.00375086790882051,0.01060956809669733,0.0,0.0,0.0,0.0,0.0,0.0,0.0,0.004797528497874737,0.00412234291434288,0.00375086790882051,0.0,0.0,0.01267073955386877,0.0,0.0,0.0,0.0,0.0,0.0,0.0,0.0,0.0,0.0,0.0,0.0,0.0,0.0,0.0,0.0,0.0,0.0,0.0,0.0,0.0,0.0,0.0,0.0,0.0,0.0,0.0,0.0,0.0,0.0,1.0,2.0,1.0,2.0,0.0,1,0.014487644657492638,0.007036168593913317,0.0011203271569684148,0.001536607276648283,0.004379234276711941,0.0030371202155947685,0.004414355382323265,0.0,0.0,1.0,2.00099515914917,1.2143003940582275,1.2292187213897705,20.185802459716797,199.3531494140625,101.25025177001953,125.52387237548828
4400,1.0,1.0,1.0,1.0,1.0,0.00054590729996562,0.0009720324305817485,0.002896001795306802,0.00054590729996562,0.0009720324305817485,0.002896001795306802,0.0044139414094388485,0.0008247472578659654,0.0006706317071802914,0.0008247472578659654,0.0006706317071802914,0.0014953790232539177,0.003351254388689995,0.009260574355721474,0.0,0.0,0.0,0.0,0.0,0.0,0.0,0.0044139414094388485,0.0029907580465078354,0.003351254388689995,0.0,0.0,0.010755954310297966,0.0,0.0,0.0,0.0,0.0,0.0,0.0,0.0,0.0,0.0,0.0,0.0,0.0,0.0,0.0,0.0,0.0,0.0,0.0,0.0,0.0,0.0,0.0,0.0,0.0,0.0,0.0,0.0,0.0,0.0,1.0,2.0,1.0,2.0,0.0,1,0.012845085933804512,0.006224188022315502,0.0008319320622831583,0.0013100833166390657,0.004082172643393278,0.002534962724894285,0.004085935186594725,0.0,0.0,1.0,2.00099515914917,1.2143003940582275,1.2292187213897705,20.185802459716797,199.3531494140625,101.25025177001953,125.52387237548828
4500,1.0,1.0,1.0,1.0,1.0,0.0004754519322887063,0.000861466396600008,0.002684816485270858,0.0004754519322887063,0.000861466396600008,0.002684816485270858,0.004021734930574894,0.0009827283211052418,0.0006646302063018084,0.0009827283211052418,0.0006646302063018084,0.0016473585274070501,0.0034543341025710106,0.009123427793383598,0.0,0.0,0.0,0.0,0.0,0.0,0.0,0.004021734930574894,0.0032947170548141003,0.0034543341025710106,0.0,0.0,0.010770786553621292,0.0,0.0,0.0,0.0,0.0,0.0,0.0,0.0,0.0,0.0,0.0,0.0,0.0,0.0,0.0,0.0,0.0,0.0,0.0,0.0,0.0,0.0,0.0,0.0,0.0,0.0,0.0,0.0,0.0,0.0,1.0,2.0,1.0,2.0,0.0,1,0.011559751816093922,0.005445313174277544,0.0006663193926215172,0.0010407200315967202,0.003738273633643985,0.0022718622349202633,0.0038425764068961143,0.0,0.0,1.0,2.00099515914917,1.2143003940582275,1.2292187213897705,20.185802459716797,199.3531494140625,101.25025177001953,125.52387237548828
4600,1.0,1.0,1.0,1.0,1.0,0.0005075591034255922,0.000984333106316626,0.0025210923049598932,0.0005075591034255922,0.000984333106316626,0.0025210923049598932,0.004012984223663807,0.0007978238281793892,0.0013005794025957584,0.0007978238281793892,0.0013005794025957584,0.0020984031725674868,0.0028610145673155785,0.008972401730716228,0.0,0.0,0.0,0.0,0.0,0.0,0.0,0.004012984223663807,0.0041968063451349735,0.0028610145673155785,0.0,0.0,0.011070805601775646,0.0,0.0,0.0,0.0,0.0,0.0,0.0,0.0,0.0,0.0,0.0,0.0,0.0,0.0,0.0,0.0,0.0,0.0,0.0,0.0,0.0,0.0,0.0,0.0,0.0,0.0,0.0,0.0,0.0,0.0,1.0,2.0,1.0,2.0,0.0,1,0.011856965720653534,0.005472870543599129,0.0006992407143115997,0.001076089101843536,0.0036975406110286713,0.002856619656085968,0.0035274752881377935,0.0,0.0,1.0,2.00099515914917,1.2143003940582275,1.2292187213897705,20.185802459716797,199.3531494140625,101.25025177001953,125.52387237548828
4700,1.0,1.0,1.0,1.0,1.0,0.0005668557132594287,0.0009436245309188962,0.0023162097204476595,0.0005668557132594287,0.0009436245309188962,0.0023162097204476595,0.0038266899064183235,0.0006100796745158732,0.0005593306850641966,0.0006100796745158732,0.0005593306850641966,0.0011694103013724089,0.002577627543359995,0.007573727983981371,0.0,0.0,0.0,0.0,0.0,0.0,0.0,0.0038266899064183235,0.0023388206027448177,0.002577627543359995,0.0,0.0,0.008743138052523136,0.0,0.0,0.0,0.0,0.0,0.0,0.0,0.0,0.0,0.0,0.0,0.0,0.0,0.0,0.0,0.0,0.0,0.0,0.0,0.0,0.0,0.0,0.0,0.0,0.0,0.0,0.0,0.0,0.0,0.0,1.0,2.0,1.0,2.0,0.0,1,0.01056637056171894,0.005228389520198107,0.0006491777603514493,0.001229528454132378,0.0033496832475066185,0.0019488264806568623,0.003389155026525259,0.0,0.0,1.0,2.00099515914917,1.2143003940582275,1.2292187213897705,20.185802459716797,199.3531494140625,101.25025177001953,125.52387237548828
4800,1.0,1.0,1.0,1.0,1.0,0.0005329495761543512,0.0014354836894199252,0.0024235339369624853,0.0005329495761543512,0.0014354836894199252,0.0024235339369624853,0.004391967318952084,0.0005944791482761502,0.0005672692786902189,0.0005944791482761502,0.0005672692786902189,0.0011617484269663692,0.0023380531929433346,0.007891768589615822,0.0,0.0,0.0,0.0,0.0,0.0,0.0,0.004391967318952084,0.0023234968539327383,0.0023380531929433346,0.0,0.0,0.009053517132997513,0.0,0.0,0.0,0.0,0.0,0.0,0.0,0.0,0.0,0.0,0.0,0.0,0.0,0.0,0.0,0.0,0.0,0.0,0.0,0.0,0.0,0.0,0.0,0.0,0.0,0.0,0.0,0.0,0.0,0.0,1.0,2.0,1.0,2.0,0.0,1,0.009765662252902985,0.004620295949280262,0.00045962733565829694,0.0010195488575845957,0.0031411198433488607,0.002080872654914856,0.003064493415877223,0.0,0.0,1.0,2.00099515914917,1.2143003940582275,1.2292187213897705,20.185802459716797,199.3531494140625,101.25025177001953,125.52387237548828
4900,1.0,1.0,1.0,1.0,1.0,0.0003903975593857467,0.0003877671842928976,0.0019222558476030827,0.0003903975593857467,0.0003877671842928976,0.0019222558476030827,0.0027004205621778965,0.00079230812843889,0.0004427067469805479,0.00079230812843889,0.0004427067469805479,0.0012350148754194379,0.00227951118722558,0.006214946508407593,0.0,0.0,0.0,0.0,0.0,0.0,0.0,0.0027004205621778965,0.0024700297508388758,0.00227951118722558,0.0,0.0,0.007449961733072996,0.0,0.0,0.0,0.0,0.0,0.0,0.0,0.0,0.0,0.0,0.0,0.0,0.0,0.0,0.0,0.0,0.0,0.0,0.0,0.0,0.0,0.0,0.0,0.0,0.0,0.0,0.0,0.0,0.0,0.0,1.0,2.0,1.0,2.0,0.0,1,0.008704012259840965,0.003925954923033714,0.0004617562226485461,0.0005739962216466665,0.002890202682465315,0.0018195630982518196,0.0029584942385554314,0.0,0.0,1.0,2.00099515914917,1.2143003940582275,1.2292187213897705,20.185802459716797,199.3531494140625,101.25025177001953,125.52387237548828
5000,1.0,1.0,1.0,1.0,1.0,0.0003133971185889095,0.00038541489630006254,0.0018762426916509867,0.0003133971185889095,0.00038541489630006254,0.0018762426916509867,0.0025750547647476196,0.0005024983547627926,0.0003851607034448534,0.0005024983547627926,0.0003851607034448534,0.0008876590291038156,0.0020020243246108294,0.005464738234877586,0.0,0.0,0.0,0.0,0.0,0.0,0.0,0.0025750547647476196,0.0017753180582076311,0.0020020243246108294,0.0,0.0,0.006352396681904793,0.0,0.0,0.0,0.0,0.0,0.0,0.0,0.0,0.0,0.0,0.0,0.0,0.0,0.0,0.0,0.0,0.0,0.0,0.0,0.0,0.0,0.0,0.0,0.0,0.0,0.0,0.0,0.0,0.0,0.0,1.0,2.0,1.0,2.0,0.0,1,0.00810757651925087,0.003722725436091423,0.0004564337432384491,0.0004805210919585079,0.0027857706882059574,0.0016922515351325274,0.0026925993151962757,0.0,0.0,1.0,2.00099515914917,1.2143003940582275,1.2292187213897705,20.185802459716797,199.3531494140625,101.25025177001953,125.52387237548828
5100,1.0,1.0,1.0,1.0,1.0,0.0008701200713403523,0.0006741978577338159,0.0017189767677336931,0.0008701200713403523,0.0006741978577338159,0.0017189767677336931,0.0032632946968078613,0.0006360522238537669,0.0005124203744344413,0.0006360522238537669,0.0005124203744344413,0.0011484725400805473,0.0021557826548814774,0.006567549891769886,0.0,0.0,0.0,0.0,0.0,0.0,0.0,0.0032632946968078613,0.0022969450801610947,0.0021557826548814774,0.0,0.0,0.007716022431850433,1.0,1.0,0.1666666716337204,2.0,0.702187180519104,0.702187180519104,0.33560869097709656,0.3304142355918884,0.06254732608795166,0.06157923489809036,0.0,0.0,0.0,0.2664906978607178,0.33463147282600403,0.0,0.3592468798160553,0.4123339056968689,0.0,0.0,0.0,1.0,-0.1752595156431198,0.17525950074195862,0.0,0.0,0.0,0.0,0.0,0.0,1.0,2.0,1.0,2.0,0.0,1,0.009419560432434082,0.004649042151868343,0.0014791390858590603,0.000601820764131844,0.002568082185462117,0.0018542400794103742,0.0029162780847400427,0.0,0.0,1.0,2.00099515914917,1.2143003940582275,1.2292187213897705,20.185802459716797,199.3531494140625,101.25025177001953,125.52387237548828
5200,1.0,1.0,1.0,1.0,1.0,0.000945966225117445,0.0007114188629202545,0.001813493319787085,0.000945966225117445,0.0007114188629202545,0.001813493319787085,0.0034708785824477673,0.0005528653273358941,0.00046176373143680394,0.0005528653273358941,0.00046176373143680394,0.0010146290296688676,0.0023874135222285986,0.006872921250760555,0.0,0.0,0.0,0.0,0.0,0.0,0.0,0.0034708785824477673,0.002029258059337735,0.0023874135222285986,0.0,0.0,0.007887550629675388,1.0,3.0,0.5,6.0,0.5471615791320801,0.5272555947303772,0.17773033678531647,0.1423027664422989,0.05301625654101372,0.040881987661123276,0.0,0.0,1.0,-0.005353132262825966,-0.009838451631367207,1.0,-0.26413026452064514,0.2099628895521164,0.0,0.0,0.0,1.0,-0.5779016017913818,0.5565497875213623,0.0,0.0,0.0,0.0,0.0,0.0,1.0,2.0,1.0,2.0,0.0,1,0.009397156536579132,0.004610725212842226,0.0006370623596012592,0.0012278503272682428,0.002745812525972724,0.0017997607355937362,0.002986670471727848,0.0,0.0,1.0,2.00099515914917,1.2143003940582275,1.2292187213897705,20.185802459716797,199.3531494140625,101.25025177001953,125.52387237548828
5300,1.0,1.0,1.0,1.0,1.0,0.0007256679236888885,0.0005714786238968372,0.0019459177274256945,0.0007256679236888885,0.0005714786238968372,0.0019459177274256945,0.0032430642750114202,0.0008761254721321166,0.0006092433468438685,0.0008761254721321166,0.0006092433468438685,0.001485368818975985,0.0025970246642827988,0.007325457874685526,0.0,0.0,0.0,0.0,0.0,0.0,0.0,0.0032430642750114202,0.00297073763795197,0.0025970246642827988,0.0,0.0,0.008810826577246189,1.0,2.0,0.3333333432674408,4.0,0.3404296934604645,0.3283268213272095,0.34882521629333496,0.34505152702331543,0.059025391936302185,0.05732528865337372,0.0,0.0,1.0,-0.14669503271579742,0.1713966280221939,1.0,-0.23827767372131348,0.23558969795703888,0.0,0.0,0.0,0.0,0.12583193182945251,0.09459634125232697,0.0,0.0,0.0,0.0,0.0,0.0,1.0,2.0,1.0,2.0,0.0,1,0.010599950328469276,0.004532393999397755,0.0009244456305168569,0.0007024665828794241,0.0029054819606244564,0.002893767785280943,0.003173788310959935,0.0,0.0,1.0,2.00099515914917,1.2143003940582275,1.2292187213897705,20.185802459716797,199.3531494140625,101.25025177001953,125.52387237548828
5400,1.0,1.0,1.0,1.0,1.0,0.0006370297633111477,0.0008074516081251204,0.002285873983055353,0.0006370297633111477,0.0008074516081251204,0.002285873983055353,0.0037303552962839603,0.0006614827434532344,0.0009073117980733514,0.0006614827434532344,0.0009073117980733514,0.001568794483318925,0.0024871784262359142,0.007786328438669443,0.0,0.0,0.0,0.0,0.0,0.0,0.0,0.0037303552962839603,0.00313758896663785,0.0024871784262359142,0.0,0.0,0.009355122223496437,1.0,0.0,0.0,0.0,0.2994714081287384,0.2994714081287384,0.4501390755176544,0.4501390755176544,0.05958189442753792,0.05958189442753792,0.0,0.0,0.0,0.34144124388694763,0.34144124388694763,0.0,0.03543420508503914,0.03543420508503914,0.0,0.0,0.0,0.0,0.28023985028266907,0.28023985028266907,0.0,0.0,0.0,0.0,0.0,0.0,1.0,2.0,1.0,2.0,0.0,1,0.011530604213476181,0.005657476373016834,0.001190850744023919,0.0014301497722044587,0.0030364757403731346,0.002958806697279215,0.002914320444688201,0.0,0.0,1.0,2.00099515914917,1.2143003940582275,1.2292187213897705,20.185802459716797,199.3531494140625,101.25025177001953,125.52387237548828
5500,1.0,1.0,1.0,1.0,1.0,0.0008212804095819592,0.000482178817037493,0.0020488621667027473,0.0008212804095819592,0.000482178817037493,0.0020488621667027473,0.0033523214515298605,0.0008585992036387324,0.0005360685754567385,0.0008585992036387324,0.0005360685754567385,0.001394667779095471,0.002243408700451255,0.006990398280322552,0.0,0.0,0.0,0.0,0.0,0.0,0.0,0.0033523214515298605,0.002789335558190942,0.002243408700451255,0.0,0.0,0.0083850659430027,1.0,2.0,0.3333333432674408,4.0,0.2896744906902313,0.2873857617378235,0.43245622515678406,0.4283324182033539,0.0489552840590477,0.04820326715707779,0.0,0.0,0.0,0.13018657267093658,0.11489711701869965,1.0,-0.12545768916606903,0.14044351875782013,0.0,0.0,0.0,1.0,-0.1377696543931961,0.13667917251586914,0.0,0.0,0.0,0.0,0.0,0.0,1.0,2.0,1.0,2.0,0.0,1,0.009825870394706726,0.004481478128582239,0.00079640670446679,0.0006202742806635797,0.0030647972598671913,0.0023465603590011597,0.0029978319071233273,0.0,0.0,1.0,2.00099515914917,1.2143003940582275,1.2292187213897705,20.185802459716797,199.3531494140625,101.25025177001953,125.52387237548828
5600,1.0,1.0,1.0,1.0,1.0,0.0006737127550877631,0.0008278413442894816,0.0022881352342665195,0.0006737127550877631,0.0008278413442894816,0.0022881352342665195,0.003789689391851425,0.0006766965379938483,0.0010721286525949836,0.0006766965379938483,0.0010721286525949836,0.001748825190588832,0.0022771817166358232,0.00781569629907608,0.0,0.0,0.0,0.0,0.0,0.0,0.0,0.003789689391851425,0.003497650381177664,0.0022771817166358232,0.0,0.0,0.009564521722495556,1.0,2.0,0.3333333432674408,4.0,0.4578178822994232,0.45495933294296265,0.44616466760635376,0.42829468846321106,0.04772581532597542,0.045615606009960175,0.0,0.0,0.0,0.07260747253894806,0.04334235191345215,1.0,-0.11157440394163132,0.12785087525844574,0.0,0.0,0.0,1.0,-0.28017961978912354,0.27829161286354065,0.0,0.0,0.0,0.0,0.0,0.0,1.0,2.0,1.0,2.0,0.0,1,0.011946664191782475,0.005639403127133846,0.0007516779587604105,0.0014136050594970584,0.0034741198178380728,0.0029330900870263577,0.0033741712104529142,0.0,0.0,1.0,2.00099515914917,1.2143003940582275,1.2292187213897705,20.185802459716797,199.3531494140625,101.25025177001953,125.52387237548828
5700,1.0,1.0,1.0,1.0,1.0,0.0011310160625725985,0.0013022113125771284,0.0025040842592716217,0.0011310160625725985,0.0013022113125771284,0.0025040842592716217,0.004937311634421349,0.0009591822163201869,0.0010934708407148719,0.0009591822163201869,0.0010934708407148719,0.0020526531152427197,0.002678056713193655,0.009668021462857723,0.0,0.0,0.0,0.0,0.0,0.0,0.0,0.004937311634421349,0.004105306230485439,0.002678056713193655,0.0,0.0,0.011720674112439156,1.0,2.0,0.3333333432674408,4.0,0.6201040744781494,0.6034627556800842,0.6224939823150635,0.6029334664344788,0.0569339245557785,0.05483454093337059,0.0,0.0,0.0,0.4749827980995178,0.44319698214530945,1.0,-0.23011420667171478,0.2946494221687317,0.0,0.0,0.0,1.0,-0.24871289730072021,0.24325048923492432,0.0,0.0,0.0,0.0,0.0,0.0,1.0,2.0,1.0,2.0,0.0,1,0.0138089619576931,0.006911131553351879,0.0013964754762127995,0.001809146604500711,0.0037055097054690123,0.0034352499060332775,0.0034625804983079433,0.0,0.0,1.0,2.00099515914917,1.2143003940582275,1.2292187213897705,20.185802459716797,199.3531494140625,101.25025177001953,125.52387237548828
5800,1.0,1.0,1.0,1.0,1.0,0.0011488288873806596,0.001740767853334546,0.002857344690710306,0.0011488288873806596,0.001740767853334546,0.002857344690710306,0.005746941547840834,0.00082090322393924,0.001598511473275721,0.00082090322393924,0.001598511473275721,0.002419414697214961,0.0034340573474764824,0.011600413359701633,0.0,0.0,0.0,0.0,0.0,0.0,0.0,0.005746941547840834,0.004838829394429922,0.0034340573474764824,0.0,0.0,0.014019828289747238,1.0,0.0,0.0,0.0,0.7568274140357971,0.7568274140357971,0.6438370943069458,0.6438370943069458,0.08551192283630371,0.08551192283630371,0.0,0.0,0.0,0.4811868667602539,0.4811868667602539,0.0,0.24358853697776794,0.24358853697776794,0.0,0.0,0.0,0.0,0.06641128659248352,0.06641128659248352,0.0,0.0,0.0,0.0,0.0,0.0,1.0,2.0,1.0,2.0,0.0,1,0.01505616307258606,0.00730237178504467,0.001588218379765749,0.0013677245005965233,0.004346428904682398,0.00333453924395144,0.004419252276420593,0.0,0.0,1.0,2.00099515914917,1.2143003940582275,1.2292187213897705,20.185802459716797,199.3531494140625,101.25025177001953,125.52387237548828
5900,1.0,1.0,1.0,1.0,1.0,0.001465163892135024,0.001969199161976576,0.0035708537325263023,0.001465163892135024,0.001969199161976576,0.0035708537325263023,0.007005216553807259,0.0007985090487636626,0.0028905346989631653,0.0007985090487636626,0.0028905346989631653,0.003689043689519167,0.0036256443709135056,0.014319904148578644,0.0,0.0,0.0,0.0,0.0,0.0,0.0,0.007005216553807259,0.007378087379038334,0.0036256443709135056,0.0,0.0,0.018008947372436523,1.0,1.0,0.1666666716337204,2.0,0.7651371955871582,0.7651371955871582,1.1734024286270142,1.1649762392044067,0.07931996136903763,0.0787503719329834,0.0,0.0,0.0,0.4366440773010254,0.4534025490283966,0.0,0.11287340521812439,0.16630145907402039,0.0,0.0,0.0,1.0,-0.11962573230266571,0.11962572485208511,0.0,0.0,0.0,0.0,0.0,0.0,1.0,2.0,1.0,2.0,0.0,1,0.017180444672703743,0.00818582996726036,0.001652681385166943,0.0020030459854751825,0.004530102945864201,0.004199267365038395,0.004795347340404987,0.0,0.0,1.0,2.00099515914917,1.2143003940582275,1.2292187213897705,20.185802459716797,199.3531494140625,101.25025177001953,125.52387237548828
6000,1.0,1.0,1.0,1.0,1.0,0.0007099733920767903,0.0009379945695400238,0.0033249070402234793,0.0007099733920767903,0.0009379945695400238,0.0033249070402234793,0.004972875118255615,0.0009810324991121888,0.000838998646941036,0.0009810324991121888,0.000838998646941036,0.0018200310878455639,0.0035307658836245537,0.010323671624064445,0.0,0.0,0.0,0.0,0.0,0.0,0.0,0.004972875118255615,0.0036400621756911278,0.0035307658836245537,0.0,0.0,0.012143703177571297,1.0,0.0,0.0,0.0,0.24145248532295227,0.24145248532295227,0.37239688634872437,0.37239688634872437,0.07256875932216644,0.07256875932216644,0.0,0.0,0.0,0.33636412024497986,0.33636412024497986,0.0,0.1719413697719574,0.1719413697719574,0.0,0.0,0.0,0.0,0.019269008189439774,0.019269008189439774,0.0,0.0,0.0,0.0,0.0,0.0,1.0,2.0,1.0,2.0,0.0,1,0.014018119312822819,0.006876884028315544,0.0011503369314596057,0.0011154599487781525,0.004611087031662464,0.0028913039714097977,0.004249931313097477,0.0,0.0,1.0,2.00099515914917,1.2143003940582275,1.2292187213897705,20.185802459716797,199.3531494140625,101.25025177001953,125.52387237548828
6100,1.0,1.0,1.0,1.0,1.0,0.0006900726002641022,0.0009591489215381444,0.002843365538865328,0.0006900726002641022,0.0009591489215381444,0.002843365538865328,0.004492586944252253,0.0007236243691295385,0.0007601958932355046,0.0007236243691295385,0.0007601958932355046,0.0014838202623650432,0.0026671120431274176,0.008643519133329391,0.0,0.0,0.0,0.0,0.0,0.0,0.0,0.004492586944252253,0.0029676405247300863,0.0026671120431274176,0.0,0.0,0.010127339512109756,1.0,0.0,0.0,0.0,0.4615226089954376,0.4615226089954376,0.4165256917476654,0.4165256917476654,0.04982789605855942,0.04982789605855942,0.0,0.0,0.0,0.3037170171737671,0.3037170171737671,0.0,0.21746660768985748,0.21746660768985748,0.0,0.0,0.0,0.0,0.1038346067070961,0.1038346067070961,0.0,0.0,0.0,0.0,0.0,0.0,1.0,2.0,1.0,2.0,0.0,1,0.012131201103329659,0.0062622446566820145,0.0009679507929831743,0.0010184207931160927,0.004275873303413391,0.0022716321982443333,0.0035973242484033108,0.0,0.0,1.0,2.00099515914917,1.2143003940582275,1.2292187213897705,20.185802459716797,199.3531494140625,101.25025177001953,125.52387237548828
6200,1.0,1.0,1.0,1.0,1.0,0.0011403211392462254,0.0014952963683754206,0.002790403552353382,0.0011403211392462254,0.0014952963683754206,0.002790403552353382,0.005426021292805672,0.0019003767520189285,0.0008695675642229617,0.0019003767520189285,0.0008695675642229617,0.0027699442580342293,0.0023738446179777384,0.010569809935986996,0.0,0.0,0.0,0.0,0.0,0.0,0.0,0.005426021292805672,0.0055398885160684586,0.0023738446179777384,0.0,0.0,0.013339754194021225,1.0,0.0,0.0,0.0,0.7454640865325928,0.7454640865325928,0.7065165042877197,0.7065165042877197,0.058521125465631485,0.058521125465631485,0.0,0.0,0.0,0.3608552813529968,0.3608552813529968,0.0,0.1829613447189331,0.1829613447189331,0.0,0.0,0.0,0.0,0.42535993456840515,0.42535993456840515,0.0,0.0,0.0,0.0,0.0,0.0,1.0,2.0,1.0,2.0,0.0,1,0.013009637594223022,0.006682655308395624,0.001339293783530593,0.0013327214401215315,0.0040106400847435,0.0032628115732222795,0.0030641709454357624,0.0,0.0,1.0,2.00099515914917,1.2143003940582275,1.2292187213897705,20.185802459716797,199.3531494140625,101.25025177001953,125.52387237548828
6300,1.0,1.0,1.0,1.0,1.0,0.0006471588276326656,0.002059829654172063,0.0024012099020183086,0.0006471588276326656,0.002059829654172063,0.0024012099020183086,0.0051081981509923935,0.0007676696986891329,0.0016818571602925658,0.0007676696986891329,0.0016818571602925658,0.0024495269171893597,0.0023043726105242968,0.009862097911536694,0.0,0.0,0.0,0.0,0.0,0.0,0.0,0.0051081981509923935,0.004899053834378719,0.0023043726105242968,0.0,0.0,0.012311624363064766,1.0,0.0,0.0,0.0,0.9053367972373962,0.9053367972373962,0.9041430354118347,0.9041430354118347,0.07096198201179504,0.07096198201179504,0.0,0.0,0.0,0.6477454900741577,0.6477454900741577,0.0,0.3130781948566437,0.3130781948566437,0.0,0.0,0.0,0.0,0.5769152641296387,0.5769152641296387,0.0,0.0,0.0,0.0,0.0,0.0,1.0,2.0,1.0,2.0,0.0,1,0.011583524756133556,0.006436451338231564,0.0011544653680175543,0.0017203016905114055,0.003561684163287282,0.0027378106024116278,0.002409262815490365,0.0,0.0,1.0,2.00099515914917,1.2143003940582275,1.2292187213897705,20.185802459716797,199.3531494140625,101.25025177001953,125.52387237548828
6400,1.0,1.0,1.0,1.0,1.0,0.00046953599667176604,0.0004963683895766735,0.0023212905507534742,0.00046953599667176604,0.0004963683895766735,0.0023212905507534742,0.0032871949952095747,0.00048789361608214676,0.000523806840647012,0.00048789361608214676,0.000523806840647012,0.0010117004858329892,0.0014374795136973262,0.005736375227570534,0.0,0.0,0.0,0.0,0.0,0.0,0.0,0.0032871949952095747,0.0020234009716659784,0.0014374795136973262,0.0,0.0,0.006748075596988201,1.0,1.0,0.1666666716337204,2.0,0.35161569714546204,0.3515527546405792,0.3222484886646271,0.3222484886646271,0.032336220145225525,0.032330431044101715,0.0,0.0,0.0,0.42805907130241394,0.42861393094062805,1.0,-0.018922267481684685,0.018922271206974983,0.0,0.0,0.0,0.0,0.025270311161875725,0.03337611258029938,0.0,0.0,0.0,0.0,0.0,0.0,1.0,2.0,1.0,2.0,0.0,1,0.008556678891181946,0.004590610042214394,0.0007049302803352475,0.0006183521472848952,0.0032673273235559464,0.0018327307188883424,0.002133338013663888,0.0,0.0,1.0,2.00099515914917,1.2143003940582275,1.2292187213897705,20.185802459716797,199.3531494140625,101.25025177001953,125.52387237548828
6500,1.0,1.0,1.0,1.0,1.0,0.0005265340441837907,0.0003761791158467531,0.001943561714142561,0.0005265340441837907,0.0003761791158467531,0.001943561714142561,0.0028462749905884266,0.0003260140947531909,0.0005047290469519794,0.0003260140947531909,0.0005047290469519794,0.0008307431126013398,0.0012547463411465287,0.0049317642115056515,0.0,0.0,0.0,0.0,0.0,0.0,0.0,0.0028462749905884266,0.0016614862252026796,0.0012547463411465287,0.0,0.0,0.005762507673352957,1.0,0.0,0.0,0.0,0.3253985643386841,0.3253985643386841,0.3452037572860718,0.3452037572860718,0.044141195714473724,0.044141195714473724,0.0,0.0,0.0,0.2955092787742615,0.2955092787742615,0.0,0.3045128285884857,0.3045128285884857,0.0,0.0,0.0,0.0,0.1914234608411789,0.1914234608411789,0.0,0.0,0.0,0.0,0.0,0.0,1.0,2.0,1.0,2.0,0.0,1,0.007603162433952093,0.004066575318574905,0.0005782672669738531,0.0005461177206598222,0.002942190272733569,0.0017783993389457464,0.0017581874271854758,0.0,0.0,1.0,2.00099515914917,1.2143003940582275,1.2292187213897705,20.185802459716797,199.3531494140625,101.25025177001953,125.52387237548828
6600,1.0,1.0,1.0,1.0,1.0,0.0006274969782680273,0.0005292627611197531,0.0019141491502523422,0.0006274969782680273,0.0005292627611197531,0.0019141491502523422,0.0030709088314324617,0.0011010353919118643,0.0005011732573620975,0.0011010353919118643,0.0005011732573620975,0.0016022087074816227,0.001209135283716023,0.005882252939045429,0.0,0.0,0.0,0.0,0.0,0.0,0.0,0.0030709088314324617,0.0032044174149632454,0.001209135283716023,0.0,0.0,0.007484461180865765,1.0,0.0,0.0,0.0,0.4446377158164978,0.4446377158164978,0.43155089020729065,0.43155089020729065,0.03374500572681427,0.03374500572681427,0.0,0.0,0.0,0.23835432529449463,0.23835432529449463,0.0,0.14366835355758667,0.14366835355758667,0.0,0.0,0.0,0.0,0.025281041860580444,0.025281041860580444,0.0,0.0,0.0,0.0,0.0,0.0,1.0,2.0,1.0,2.0,0.0,1,0.008115416392683983,0.004299691878259182,0.0008476306102238595,0.0005567139014601707,0.002895347075536847,0.002204433549195528,0.0016112904995679855,0.0,0.0,1.0,2.00099515914917,1.2143003940582275,1.2292187213897705,20.185802459716797,199.3531494140625,101.25025177001953,125.52387237548828
6700,1.0,1.0,1.0,1.0,1.0,0.0014377523912116885,0.00046285486314445734,0.0016792045207694173,0.0014377523912116885,0.00046285486314445734,0.0016792045207694173,0.0035798116587102413,0.0003926021163351834,0.0006978913443163037,0.0003926021163351834,0.0006978913443163037,0.001090493518859148,0.0010414825519546866,0.005711787845939398,0.0,0.0,0.0,0.0,0.0,0.0,0.0,0.0035798116587102413,0.002180987037718296,0.0010414825519546866,0.0,0.0,0.006802281364798546,1.0,0.0,0.0,0.0,0.7297826409339905,0.7297826409339905,0.428570955991745,0.428570955991745,0.04555128142237663,0.04555128142237663,0.0,0.0,0.0,0.31997179985046387,0.31997179985046387,0.0,0.4590025544166565,0.4590025544166565,0.0,0.0,0.0,0.0,0.32758021354675293,0.32758021354675293,0.0,0.0,0.0,0.0,0.0,0.0,1.0,2.0,1.0,2.0,0.0,1,0.007358750328421593,0.004253250081092119,0.0011518080718815327,0.0005157095729373395,0.002585732378065586,0.0016585476696491241,0.0014469524612650275,0.0,0.0,1.0,2.00099515914917,1.2143003940582275,1.2292187213897705,20.185802459716797,199.3531494140625,101.25025177001953,125.52387237548828
6800,1.0,1.0,1.0,1.0,1.0,0.00031693681376054883,0.0003278544172644615,0.0016499150078743696,0.00031693681376054883,0.0003278544172644615,0.0016499150078743696,0.002294706180691719,0.0002974215312860906,0.000378167926101014,0.0002974215312860906,0.000378167926101014,0.0006755894282832742,0.0008791038417257369,0.0038493992760777473,0.0,0.0,0.0,0.0,0.0,0.0,0.0,0.002294706180691719,0.0013511788565665483,0.0008791038417257369,0.0,0.0,0.004524989053606987,1.0,0.0,0.0,0.0,0.24558091163635254,0.24558091163635254,0.1561650186777115,0.1561650186777115,0.023763006553053856,0.023763006553053856,0.0,0.0,0.0,0.45204228162765503,0.45204228162765503,0.0,0.23717071115970612,0.23717071115970612,0.0,0.0,0.0,0.0,0.11080111563205719,0.11080111563205719,0.0,0.0,0.0,0.0,0.0,0.0,1.0,2.0,1.0,2.0,0.0,1,0.005954213906079531,0.0033911443315446377,0.00048775767209008336,0.00045417132787406445,0.002449215389788151,0.0012978091835975647,0.0012652602745220065,0.0,0.0,1.0,2.00099515914917,1.2143003940582275,1.2292187213897705,20.185802459716797,199.3531494140625,101.25025177001953,125.52387237548828
6900,1.0,1.0,1.0,1.0,1.0,0.0004046275280416012,0.0013255890225991607,0.0014539824333041906,0.0004046275280416012,0.0013255890225991607,0.0014539824333041906,0.0031841988675296307,0.0003990019904449582,0.0014591766521334648,0.0003990019904449582,0.0014591766521334648,0.001858178642578423,0.000839090149383992,0.005881467368453741,0.0,0.0,0.0,0.0,0.0,0.0,0.0,0.0031841988675296307,0.003716357285156846,0.000839090149383992,0.0,0.0,0.00773964636027813,1.0,0.0,0.0,0.0,0.7869592308998108,0.7869592308998108,0.8808625936508179,0.8808625936508179,0.0518580824136734,0.0518580824136734,0.0,0.0,0.0,0.49090027809143066,0.49090027809143066,0.0,0.378683865070343,0.378683865070343,0.0,0.0,0.0,0.0,0.5113975405693054,0.5113975405693054,0.0,0.0,0.0,0.0,0.0,0.0,1.0,2.0,1.0,2.0,0.0,1,0.00777407456189394,0.003897075541317463,0.0003805996384471655,0.0012942405883222818,0.0022222353145480156,0.002611858304589987,0.001265140832401812,0.0,0.0,1.0,2.00099515914917,1.2143003940582275,1.2292187213897705,20.185802459716797,199.3531494140625,101.25025177001953,125.52387237548828
7000,1.0,1.0,1.0,1.0,1.0,0.0002883112174458802,0.00034696864895522594,0.0014307317323982716,0.0002883112174458802,0.00034696864895522594,0.0014307317323982716,0.0020660115405917168,0.0003774468204937875,0.0005795414326712489,0.0003774468204937875,0.0005795414326712489,0.0009569882531650364,0.0008018707158043981,0.003824870567768812,0.0,0.0,0.0,0.0,0.0,0.0,0.0,0.0020660115405917168,0.0019139765063300729,0.0008018707158043981,0.0,0.0,0.004781858529895544,1.0,1.0,0.1666666716337204,2.0,0.3392733633518219,0.3392244875431061,0.4055421054363251,0.4055421054363251,0.025990089401602745,0.02598634362220764,0.0,0.0,0.0,0.5385635495185852,0.5430743098258972,1.0,-0.01697739027440548,0.016977395862340927,0.0,0.0,0.0,0.0,0.2610839009284973,0.27026626467704773,0.0,0.0,0.0,0.0,0.0,0.0,1.0,2.0,1.0,2.0,0.0,1,0.00555078499019146,0.0029066724237054586,0.00044696059194393456,0.0004299508291296661,0.0020297609735280275,0.0015550705138593912,0.0010890418197959661,0.0,0.0,1.0,2.00099515914917,1.2143003940582275,1.2292187213897705,20.185802459716797,199.3531494140625,101.25025177001953,125.52387237548828
7100,1.0,1.0,1.0,1.0,1.0,0.00020608412160072476,0.00023517508816439658,0.0013683000579476357,0.00020608412160072476,0.00023517508816439658,0.0013683000579476357,0.0018095592968165874,0.00019510104903019965,0.0002962013240903616,0.00019510104903019965,0.0002962013240903616,0.0004913023440167308,0.0007204780704341829,0.003021339885890484,0.0,0.0,0.0,0.0,0.0,0.0,0.0,0.0018095592968165874,0.0009826046880334616,0.0007204780704341829,0.0,0.0,0.003512642113491893,1.0,3.0,0.5,6.0,0.05848020315170288,0.046430520713329315,0.04926886782050133,0.03888466954231262,0.021258627995848656,0.019566865637898445,0.0,0.0,1.0,-0.5187253952026367,0.48229604959487915,1.0,-0.19231000542640686,0.1407652497291565,0.0,0.0,0.0,1.0,-0.24060238897800446,0.1545228511095047,0.0,0.0,0.0,0.0,0.0,0.0,1.0,2.0,1.0,2.0,0.0,1,0.0046679615043103695,0.002515719272196293,0.0002447366714477539,0.0003168525581713766,0.00195412989705801,0.0010742514859884977,0.0010779907461255789,0.0,0.0,1.0,2.00099515914917,1.2143003940582275,1.2292187213897705,20.185802459716797,199.3531494140625,101.25025177001953,125.52387237548828
7200,1.0,1.0,1.0,1.0,1.0,0.00016643875278532505,0.00022442951740231365,0.001222717692144215,0.00016643875278532505,0.00022442951740231365,0.001222717692144215,0.001613585976883769,0.00019204712589271367,0.00034320377744734287,0.00019204712589271367,0.00034320377744734287,0.0005352508742362261,0.0006360779516398907,0.002784914802759886,0.0,0.0,0.0,0.0,0.0,0.0,0.0,0.001613585976883769,0.0010705017484724522,0.0006360779516398907,0.0,0.0,0.003320165676996112,1.0,2.0,0.3333333432674408,4.0,0.04750252515077591,0.041301168501377106,0.08565807342529297,0.06784894317388535,0.02542833238840103,0.021805765107274055,0.0,0.0,1.0,-0.4940171539783478,0.41106680035591125,0.0,0.3216005265712738,0.09048960357904434,0.0,0.0,0.0,1.0,-0.5144203901290894,0.5895620584487915,0.0,0.0,0.0,0.0,0.0,0.0,1.0,2.0,1.0,2.0,0.0,1,0.004581745248287916,0.00249100592918694,0.00024124661285895854,0.00031255054636858404,0.0019372088136151433,0.0010485557140782475,0.0010421834886074066,0.0,0.0,1.0,2.00099515914917,1.2143003940582275,1.2292187213897705,20.185802459716797,199.3531494140625,101.25025177001953,125.52387237548828
7300,1.0,1.0,1.0,1.0,1.0,0.00019025699293706566,0.0002250277902930975,0.0012714308686554432,0.00019025699293706566,0.0002250277902930975,0.0012714308686554432,0.0016867156373336911,0.00024208342074416578,0.0003078338922932744,0.00024208342074416578,0.0003078338922932744,0.0005499173421412706,0.000678305805195123,0.0029149388428777456,0.0,0.0,0.0,0.0,0.0,0.0,0.0,0.0016867156373336911,0.0010998346842825413,0.000678305805195123,0.0,0.0,0.0034648559521883726,1.0,2.0,0.3333333432674408,4.0,0.05897171422839165,0.03969072178006172,0.07396049797534943,0.047998543828725815,0.016992416232824326,0.01643901877105236,0.0,0.0,1.0,-0.7395999431610107,0.6862583160400391,0.0,0.08744318783283234,-0.15322759747505188,0.0,0.0,0.0,1.0,-0.25312861800193787,0.26332756876945496,0.0,0.0,0.0,0.0,0.0,0.0,1.0,2.0,1.0,2.0,0.0,1,0.0044754063710570335,0.002420475473627448,0.00022955461463425308,0.0003046462661586702,0.001886274665594101,0.0010348429204896092,0.0010200878605246544,0.0,0.0,1.0,2.00099515914917,1.2143003940582275,1.2292187213897705,20.185802459716797,199.3531494140625,101.25025177001953,125.52387237548828
7400,1.0,1.0,1.0,1.0,1.0,0.000155999994603917,0.00022371733211912215,0.001222986844368279,0.000155999994603917,0.00022371733211912215,0.001222986844368279,0.0016027041710913181,0.00020489469170570374,0.0003007096820510924,0.00020489469170570374,0.0003007096820510924,0.0005056043737567961,0.0006695695919916034,0.0027778781950473785,0.0,0.0,0.0,0.0,0.0,0.0,0.0,0.0016027041710913181,0.0010112087475135922,0.0006695695919916034,0.0,0.0,0.0032834825105965137,1.0,2.0,0.3333333432674408,4.0,0.03754713386297226,0.032279256731271744,0.060085296630859375,0.053362611681222916,0.023567374795675278,0.022835377603769302,0.0,0.0,1.0,-0.45962265133857727,0.45715969800949097,1.0,-0.24729475378990173,0.21779708564281464,0.0,0.0,0.0,0.0,0.05317742004990578,-0.07028794288635254,0.0,0.0,0.0,0.0,0.0,0.0,1.0,2.0,1.0,2.0,0.0,1,0.004358454141765833,0.002355454955250025,0.0002254745486425236,0.0002944254083558917,0.0018355549545958638,0.0009997142478823662,0.00100328482221812,0.0,0.0,1.0,2.00099515914917,1.2143003940582275,1.2292187213897705,20.185802459716797,199.3531494140625,101.25025177001953,125.52387237548828
7500,1.0,1.0,1.0,1.0,1.0,0.00018163718050345778,0.00019191528554074466,0.001236019772477448,0.00018163718050345778,0.00019191528554074466,0.001236019772477448,0.00160957220941782,0.0001836431329138577,0.0002915701479651034,0.0001836431329138577,0.0002915701479651034,0.0004752132808789611,0.0006471847300417721,0.002731970278546214,0.0,0.0,0.0,0.0,0.0,0.0,0.0,0.00160957220941782,0.0009504265617579222,0.0006471847300417721,0.0,0.0,0.0032071834430098534,1.0,3.0,0.5,6.0,0.04330991953611374,0.039620865136384964,0.05929657071828842,0.05610110983252525,0.018955832347273827,0.018042486160993576,0.0,0.0,1.0,-0.28684037923812866,0.2727793753147125,1.0,-0.257941871881485,0.2451602816581726,0.0,0.0,0.0,1.0,-0.09187334775924683,0.0772734135389328,0.0,0.0,0.0,0.0,0.0,0.0,1.0,2.0,1.0,2.0,0.0,1,0.004274276550859213,0.0022957194596529007,0.00022205837012734264,0.0002811514132190496,0.0017925096908584237,0.0009947936050593853,0.000983763369731605,0.0,0.0,1.0,2.00099515914917,1.2143003940582275,1.2292187213897705,20.185802459716797,199.3531494140625,101.25025177001953,125.52387237548828
7600,1.0,1.0,1.0,1.0,1.0,0.00016646688163746148,0.00019295125093776733,0.0011906793806701899,0.00016646688163746148,0.00019295125093776733,0.0011906793806701899,0.0015500974841415882,0.00018542019824963063,0.0002940892009064555,0.00018542019824963063,0.0002940892009064555,0.0004795094137080014,0.0006201321957632899,0.0026497389189898968,0.0,0.0,0.0,0.0,0.0,0.0,0.0,0.0015500974841415882,0.0009590188274160028,0.0006201321957632899,0.0,0.0,0.003129248507320881,1.0,3.0,0.5,6.0,0.0382382795214653,0.03506776690483093,0.05490364134311676,0.04696923866868019,0.018307244405150414,0.01671692356467247,0.0,0.0,1.0,-0.33349618315696716,0.30664676427841187,1.0,-0.09727358818054199,0.0632312074303627,0.0,0.0,0.0,1.0,-0.3634488582611084,0.3315748870372772,0.0,0.0,0.0,0.0,0.0,0.0,1.0,2.0,1.0,2.0,0.0,1,0.004164417274296284,0.0022424915805459023,0.0002233230188721791,0.000274515594355762,0.0017446528654545546,0.0009635696187615395,0.0009583558421581984,0.0,0.0,1.0,2.00099515914917,1.2143003940582275,1.2292187213897705,20.185802459716797,199.3531494140625,101.25025177001953,125.52387237548828
7700,1.0,1.0,1.0,1.0,1.0,0.00017113701323978603,0.00021275600010994822,0.0010910986457020044,0.00017113701323978603,0.00021275600010994822,0.0010910986457020044,0.001474991673603654,0.00019254600920248777,0.0003481261956039816,0.00019254600920248777,0.0003481261956039816,0.0005406722193583846,0.0006740700337104499,0.0026897338684648275,0.0,0.0,0.0,0.0,0.0,0.0,0.0,0.001474991673603654,0.0010813444387167692,0.0006740700337104499,0.0,0.0,0.003230406204238534,1.0,2.0,0.3333333432674408,4.0,0.06848521530628204,0.06624140590429306,0.06848976016044617,0.059222057461738586,0.0185992494225502,0.01648186892271042,0.0,0.0,1.0,-0.2538766860961914,0.22342902421951294,0.0,0.1294396072626114,0.013763867318630219,0.0,0.0,0.0,1.0,-0.4633834958076477,0.4778762459754944,0.0,0.0,0.0,0.0,0.0,0.0,1.0,2.0,1.0,2.0,0.0,1,0.004075855016708374,0.0022227850276976824,0.00021865509916096926,0.00027809463790617883,0.0017260352615267038,0.0009243651875294745,0.0009287050343118608,0.0,0.0,1.0,2.00099515914917,1.2143003940582275,1.2292187213897705,20.185802459716797,199.3531494140625,101.25025177001953,125.52387237548828
7800,1.0,1.0,1.0,1.0,1.0,0.0001703549496596679,0.00017385027604177594,0.0010237602982670069,0.0001703549496596679,0.00017385027604177594,0.0010237602982670069,0.001367965480312705,0.00021209659462329,0.00026747389347292483,0.00021209659462329,0.00026747389347292483,0.0004795704735442996,0.0005990943172946572,0.002446630271151662,0.0,0.0,0.0,0.0,0.0,0.0,0.0,0.001367965480312705,0.0009591409470885992,0.0005990943172946572,0.0,0.0,0.0029262006282806396,1.0,2.0,0.3333333432674408,4.0,0.047353941947221756,0.038851357996463776,0.06628310680389404,0.05363242328166962,0.018285343423485756,0.017966441810131073,0.0,0.0,1.0,-0.5717238783836365,0.556978166103363,0.0,0.07694259285926819,-0.036430489271879196,0.0,0.0,0.0,1.0,-0.18594738841056824,0.20520959794521332,0.0,0.0,0.0,0.0,0.0,0.0,1.0,2.0,1.0,2.0,0.0,1,0.004025747999548912,0.002143783960491419,0.00020950075122527778,0.000263777474174276,0.0016705056186765432,0.0009559441241435707,0.0009260199149139225,0.0,0.0,1.0,2.00099515914917,1.2143003940582275,1.2292187213897705,20.185802459716797,199.3531494140625,101.25025177001953,125.52387237548828
7900,1.0,1.0,1.0,1.0,1.0,0.000144518562592566,0.00017634186951909214,0.0010754041140899062,0.000144518562592566,0.00017634186951909214,0.0010754041140899062,0.0013962645316496491,0.0001720250875223428,0.00033011395134963095,0.0001720250875223428,0.00033011395134963095,0.0005021390388719738,0.0005806841654703021,0.0024790875613689423,0.0,0.0,0.0,0.0,0.0,0.0,0.0,0.0013962645316496491,0.0010042780777439475,0.0005806841654703021,0.0,0.0,0.0029812268912792206,1.0,0.0,0.0,0.0,0.04161695018410683,0.04161695018410683,0.07677203416824341,0.07677203416824341,0.018322765827178955,0.018322765827178955,0.0,0.0,0.0,0.341852068901062,0.341852068901062,0.0,0.03155510127544403,0.03155510127544403,0.0,0.0,0.0,0.0,0.09749042242765427,0.09749042242765427,0.0,0.0,0.0,0.0,0.0,0.0,1.0,2.0,1.0,2.0,0.0,1,0.0039430237375199795,0.002097163815051317,0.00019884166249539703,0.0002630278468132019,0.0016352944076061249,0.0009420380229130387,0.0009038218413479626,0.0,0.0,1.0,2.00099515914917,1.2143003940582275,1.2292187213897705,20.185802459716797,199.3531494140625,101.25025177001953,125.52387237548828
8000,1.0,1.0,1.0,1.0,1.0,0.00013925496023148298,0.00018203433137387037,0.0009313685004599392,0.00013925496023148298,0.00018203433137387037,0.0009313685004599392,0.0012526577338576317,0.0001680682908045128,0.0002830566081684083,0.0001680682908045128,0.0002830566081684083,0.0004511249135248363,0.0005568891647271812,0.002260671928524971,0.0,0.0,0.0,0.0,0.0,0.0,0.0,0.0012526577338576317,0.0009022498270496726,0.0005568891647271812,0.0,0.0,0.0027117969002574682,1.0,3.0,0.5,6.0,0.05150445178151131,0.05017118528485298,0.05201494321227074,0.0484829917550087,0.014605479314923286,0.013788003474473953,0.0,0.0,1.0,-0.17409782111644745,0.16471531987190247,1.0,-0.09182152152061462,0.08055631071329117,0.0,0.0,0.0,1.0,-0.30083730816841125,0.29377514123916626,0.0,0.0,0.0,0.0,0.0,0.0,1.0,2.0,1.0,2.0,0.0,1,0.003872097237035632,0.002067554509267211,0.0002059754478977993,0.00024979154113680124,0.0016117874765768647,0.0009127518278546631,0.0008917910163290799,0.0,0.0,1.0,2.00099515914917,1.2143003940582275,1.2292187213897705,20.185802459716797,199.3531494140625,101.25025177001953,125.52387237548828
8100,1.0,1.0,1.0,1.0,1.0,0.000213421240914613,0.00022649798484053463,0.0011600726284086704,0.000213421240914613,0.00022649798484053463,0.0011600726284086704,0.0015999919269233942,0.0001883227378129959,0.0002927785972133279,0.0001883227378129959,0.0002927785972133279,0.0004811013350263238,0.00033200456527993083,0.0024130980018526316,0.0,0.0,0.0,0.0,0.0,0.0,0.0,0.0015999919269233942,0.0009622026700526476,0.001660022884607315,0.0,0.0,0.004222217481583357,1.0,3.0,0.5,6.0,0.10539949685335159,0.07393480837345123,0.07227931916713715,0.0706913024187088,0.08488839119672775,0.05876290053129196,0.0,0.0,1.0,-0.07721944153308868,-0.010219480842351913,1.0,-0.6987282633781433,0.6846784353256226,0.0,0.0,0.0,1.0,-0.12656205892562866,0.08798916637897491,0.0,0.0,0.0,0.0,0.0,0.0,1.0,2.0,5.0,1.0,0.0,1,0.003847238840535283,0.0023870335426181555,0.000271785247605294,0.0003138165338896215,0.00180143176112324,0.000912550778593868,0.0005476545193232596,0.0,0.0,1.0,2.00099515914917,1.2143003940582275,1.2292187213897705,20.185802459716797,199.3531494140625,101.25025177001953,125.52387237548828
8200,1.0,1.0,1.0,1.0,1.0,0.00020172640506643802,0.00022345381148625165,0.001145320013165474,0.00020172640506643802,0.00022345381148625165,0.001145320013165474,0.0015705002006143332,0.00019203107513021678,0.00028097329777665436,0.00019203107513021678,0.00028097329777665436,0.0004730043583549559,0.0003110206453129649,0.0023545250296592712,0.0,0.0,0.0,0.0,0.0,0.0,0.0,0.0015705002006143332,0.0009460087167099118,0.0015551032265648246,0.0,0.0,0.004071612376719713,1.0,2.0,0.3333333432674408,4.0,0.06085728481411934,0.045200712978839874,0.052706241607666016,0.040023647248744965,0.06184657663106918,0.06029154732823372,0.0,0.0,1.0,-0.6506567597389221,0.652482271194458,1.0,-0.2228328436613083,0.16662417352199554,0.0,0.0,0.0,0.0,0.09949836134910583,-0.06144890561699867,0.0,0.0,0.0,0.0,0.0,0.0,1.0,2.0,5.0,1.0,0.0,1,0.00373584171757102,0.0023735379800200462,0.00027516038971953094,0.00031214416958391666,0.0017862333916127682,0.00088756118202582,0.0004747427301481366,0.0,0.0,1.0,2.00099515914917,1.2143003940582275,1.2292187213897705,20.185802459716797,199.3531494140625,101.25025177001953,125.52387237548828
8300,1.0,1.0,1.0,1.0,1.0,0.00019559111387934536,0.00019803208124358207,0.0010375130223110318,0.00019559111387934536,0.00019803208124358207,0.0010375130223110318,0.0014311361592262983,0.00013525245594792068,0.00031005460186861455,0.00013525245594792068,0.00031005460186861455,0.00044530705781653523,0.00023655590484850109,0.002112999092787504,0.0,0.0,0.0,0.0,0.0,0.0,0.0,0.0014311361592262983,0.0008906141156330705,0.0011827795533463359,0.0,0.0,0.0035045300610363483,1.0,2.0,0.3333333432674408,4.0,0.06781286001205444,0.06708937138319016,0.05262068286538124,0.050235848873853683,0.04483204334974289,0.04316161572933197,0.0,0.0,1.0,-0.14568401873111725,0.14017176628112793,0.0,0.07897063344717026,0.041548553854227066,0.0,0.0,0.0,1.0,-0.27042728662490845,0.2780640125274658,0.0,0.0,0.0,0.0,0.0,0.0,1.0,2.0,5.0,1.0,0.0,1,0.003585284808650613,0.002311237622052431,0.00025910738622769713,0.00030304802930913866,0.0017490822356194258,0.0008571224752813578,0.00041692476952448487,0.0,0.0,1.0,2.00099515914917,1.2143003940582275,1.2292187213897705,20.185802459716797,199.3531494140625,101.25025177001953,125.52387237548828
8400,1.0,1.0,1.0,1.0,1.0,0.00019361301383469254,0.00018545646162237972,0.001114067155867815,0.00019361301383469254,0.00018545646162237972,0.001114067155867815,0.0014931366313248873,0.00016815181879792362,0.00033954769605770707,0.00016815181879792362,0.00033954769605770707,0.0005076995003037155,0.00025813322281464934,0.002258969470858574,0.0,0.0,0.0,0.0,0.0,0.0,0.0,0.0014931366313248873,0.001015399000607431,0.0012906661722809076,0.0,0.0,0.003799201687797904,1.0,2.0,0.3333333432674408,4.0,0.06427569687366486,0.05638713017106056,0.07996411621570587,0.07656513154506683,0.05320776626467705,0.046850163489580154,0.0,0.0,1.0,-0.2884545922279358,0.39546695351600647,1.0,-0.47402098774909973,0.45099958777427673,0.0,0.0,0.0,0.0,0.3132747411727905,0.20939873158931732,0.0,0.0,0.0,0.0,0.0,0.0,1.0,2.0,5.0,1.0,0.0,1,0.00344830215908587,0.0022124797105789185,0.00025120406644418836,0.00025734194787219167,0.0017039338126778603,0.0008548282203264534,0.00038099431549198925,0.0,0.0,1.0,2.00099515914917,1.2143003940582275,1.2292187213897705,20.185802459716797,199.3531494140625,101.25025177001953,125.52387237548828
8500,1.0,1.0,1.0,1.0,1.0,0.00016312352090608329,0.00019005588546860963,0.0010369702940806746,0.00016312352090608329,0.00019005588546860963,0.0010369702940806746,0.0013901497004553676,0.00013557645434048027,0.00028336048126220703,0.00013557645434048027,0.00028336048126220703,0.00041893695015460253,0.00020882667740806937,0.0020179133862257004,0.0,0.0,0.0,0.0,0.0,0.0,0.0,0.0013901497004553676,0.0008378739003092051,0.0010441334452480078,0.0,0.0,0.0032721569295972586,1.0,1.0,0.1666666716337204,2.0,0.10982256382703781,0.1082649901509285,0.0804065391421318,0.0804065391421318,0.0403512679040432,0.03977898508310318,0.0,0.0,0.0,0.3860543668270111,0.41038838028907776,1.0,-0.16782154142856598,0.16782154142856598,0.0,0.0,0.0,0.0,0.1103174164891243,0.17762480676174164,0.0,0.0,0.0,0.0,0.0,0.0,1.0,2.0,5.0,1.0,0.0,1,0.0033490541391074657,0.0021405331790447235,0.00022622534015681595,0.00026493522454984486,0.001649372628889978,0.0008545701275579631,0.0003539507160894573,0.0,0.0,1.0,2.00099515914917,1.2143003940582275,1.2292187213897705,20.185802459716797,199.3531494140625,101.25025177001953,125.52387237548828
8600,1.0,1.0,1.0,1.0,1.0,0.00016229745233431458,0.00016800439334474504,0.001019016490317881,0.00016229745233431458,0.00016800439334474504,0.001019016490317881,0.0013493183068931103,0.00015719354269094765,0.00027734384639188647,0.00015719354269094765,0.00027734384639188647,0.0004345373890828341,0.00018046394689008594,0.0019643197301775217,0.0,0.0,0.0,0.0,0.0,0.0,0.0,0.0013493183068931103,0.0008690747781656682,0.0009023197344504297,0.0,0.0,0.00312071293592453,1.0,1.0,0.1666666716337204,2.0,0.08717189729213715,0.07973030209541321,0.07554712891578674,0.06909790635108948,0.060151536017656326,0.060151536017656326,0.0,0.0,1.0,-0.4042847454547882,0.40428483486175537,0.0,0.13505057990550995,0.22281043231487274,0.0,0.0,0.0,0.0,0.1700267195701599,0.2455909550189972,0.0,0.0,0.0,0.0,0.0,0.0,1.0,2.0,5.0,1.0,0.0,1,0.00326266186311841,0.0020976138766855,0.0002345128305023536,0.0002519156550988555,0.0016111853765323758,0.0008404258405789733,0.0003246222040615976,0.0,0.0,1.0,2.00099515914917,1.2143003940582275,1.2292187213897705,20.185802459716797,199.3531494140625,101.25025177001953,125.52387237548828
8700,1.0,1.0,1.0,1.0,1.0,0.00016314910317305475,0.00016545047401450574,0.0009542775806039572,0.00016314910317305475,0.00016545047401450574,0.0009542775806039572,0.001282877172343433,0.00014580012066289783,0.0002733736764639616,0.00014580012066289783,0.0002733736764639616,0.0004191737971268594,0.00017822023073676974,0.001880271127447486,0.0,0.0,0.0,0.0,0.0,0.0,0.0,0.001282877172343433,0.0008383475942537189,0.0008911011391319335,0.0,0.0,0.0030123258475214243,1.0,2.0,0.3333333432674408,4.0,0.039322856813669205,0.0334138348698616,0.03986882045865059,0.03442864865064621,0.044055912643671036,0.042323410511016846,0.0,0.0,1.0,-0.5042662024497986,0.534589946269989,1.0,-0.2776753008365631,0.2391277402639389,0.0,0.0,0.0,0.0,0.2455325722694397,0.127183735370636,0.0,0.0,0.0,0.0,0.0,0.0,1.0,2.0,5.0,1.0,0.0,1,0.0031398467253893614,0.002017175080254674,0.00021899963030591607,0.00023566542949993163,0.0015625100350007415,0.0008136904798448086,0.00030898110708221793,0.0,0.0,1.0,2.00099515914917,1.2143003940582275,1.2292187213897705,20.185802459716797,199.3531494140625,101.25025177001953,125.52387237548828
8800,1.0,1.0,1.0,1.0,1.0,0.000156334979692474,0.00018254689348395914,0.0008697804878465831,0.000156334979692474,0.00018254689348395914,0.0008697804878465831,0.0012086622882634401,0.00014579213166143745,0.00029245082987472415,0.00014579213166143745,0.00029245082987472415,0.00043824297608807683,0.00017479424423072487,0.0018216994358226657,0.0,0.0,0.0,0.0,0.0,0.0,0.0,0.0012086622882634401,0.0008764859521761537,0.0008739712066017091,0.0,0.0,0.0029591196216642857,1.0,1.0,0.1666666716337204,2.0,0.07158660888671875,0.07156138122081757,0.1064106673002243,0.10637316852807999,0.054516855627298355,0.054516855627298355,0.0,0.0,1.0,-0.026543980464339256,0.02654396928846836,0.0,0.17350676655769348,0.17406925559043884,0.0,0.0,0.0,0.0,0.018879540264606476,0.023493381217122078,0.0,0.0,0.0,0.0,0.0,0.0,1.0,2.0,5.0,1.0,0.0,1,0.003024777863174677,0.001967102289199829,0.0002171655505662784,0.0002438085211906582,0.0015061282319948077,0.0007739340071566403,0.0002837417123373598,0.0,0.0,1.0,2.00099515914917,1.2143003940582275,1.2292187213897705,20.185802459716797,199.3531494140625,101.25025177001953,125.52387237548828
8900,1.0,1.0,1.0,1.0,1.0,0.00016651771147735417,0.00017962258425541222,0.0009209181880578399,0.00016651771147735417,0.00017962258425541222,0.0009209181880578399,0.0012670585419982672,0.0001440076157450676,0.0002661539474502206,0.0001440076157450676,0.0002661539474502206,0.0004101615631952882,0.00016790108929853886,0.0018451211508363485,0.0,0.0,0.0,0.0,0.0,0.0,0.0,0.0012670585419982672,0.0008203231263905764,0.0008395054610446095,0.0,0.0,0.0029268870130181313,1.0,1.0,0.1666666716337204,2.0,0.07370752841234207,0.0729292556643486,0.0748351439833641,0.07404495775699615,0.05994943529367447,0.05994943529367447,0.0,0.0,1.0,-0.14493605494499207,0.14493609964847565,0.0,0.13965679705142975,0.16817793250083923,0.0,0.0,0.0,0.0,0.18453209102153778,0.20695868134498596,0.0,0.0,0.0,0.0,0.0,0.0,1.0,2.0,5.0,1.0,0.0,1,0.002953122602775693,0.0019256003433838487,0.00021089774963911623,0.0002369569119764492,0.0014777457108721137,0.0007682958384975791,0.0002592263335827738,0.0,0.0,1.0,2.00099515914917,1.2143003940582275,1.2292187213897705,20.185802459716797,199.3531494140625,101.25025177001953,125.52387237548828
9000,1.0,1.0,1.0,1.0,1.0,0.00013857809244655073,0.00018390319019090384,0.000873513170517981,0.00013857809244655073,0.00018390319019090384,0.000873513170517981,0.0011959944386035204,0.00013449689140543342,0.00025807408383116126,0.00013449689140543342,0.00025807408383116126,0.0003925709752365947,0.00015372625784948468,0.0017422917298972607,0.0,0.0,0.0,0.0,0.0,0.0,0.0,0.0011959944386035204,0.0007851419504731894,0.0007686312892474234,0.0,0.0,0.0027497676201164722,1.0,2.0,0.3333333432674408,4.0,0.06063816323876381,0.05823501572012901,0.06492211669683456,0.06295264512300491,0.03629335016012192,0.03568506985902786,0.0,0.0,1.0,-0.24444088339805603,0.26886194944381714,1.0,-0.18231657147407532,0.176824688911438,0.0,0.0,0.0,0.0,0.19790735840797424,0.1608346551656723,0.0,0.0,0.0,0.0,0.0,0.0,1.0,2.0,5.0,1.0,0.0,1,0.0028185206465423107,0.0018073595128953457,0.00019360125588718802,0.00021718608331866562,0.0013965722173452377,0.0007594691123813391,0.00025169207947328687,0.0,0.0,1.0,2.00099515914917,1.2143003940582275,1.2292187213897705,20.185802459716797,199.3531494140625,101.25025177001953,125.52387237548828
9100,1.0,1.0,1.0,1.0,1.0,0.00012438073463272303,0.000146247330121696,0.0007851977134123445,0.00012438073463272303,0.000146247330121696,0.0007851977134123445,0.0010558257345110178,0.00012452997907530516,0.00026926147984340787,0.00012452997907530516,0.00026926147984340787,0.00039379147347062826,0.00012693557073362172,0.0015765527496114373,0.0,0.0,0.0,0.0,0.0,0.0,0.0,0.0010558257345110178,0.0007875829469412565,0.0006346778245642781,0.0,0.0,0.0024780863896012306,1.0,2.0,0.3333333432674408,4.0,0.05426530912518501,0.05426015332341194,0.08409010618925095,0.08207384496927261,0.032385971397161484,0.03161210939288139,0.0,0.0,1.0,-0.01377933006733656,0.013450030237436295,0.0,0.005057023838162422,0.0021134871058166027,0.0,0.0,0.0,1.0,-0.21729902923107147,0.21734482049942017,0.0,0.0,0.0,0.0,0.0,0.0,1.0,2.0,5.0,1.0,0.0,1,0.002751728519797325,0.0017647154163569212,0.00018531459500081837,0.00022407693904824555,0.0013553238241001964,0.0007406892254948616,0.0002463239070493728,0.0,0.0,1.0,2.00099515914917,1.2143003940582275,1.2292187213897705,20.185802459716797,199.3531494140625,101.25025177001953,125.52387237548828
9200,1.0,1.0,1.0,1.0,1.0,0.0001463774824514985,0.0001240663114003837,0.000777671579271555,0.0001463774824514985,0.0001240663114003837,0.000777671579271555,0.0010481153149157763,0.00013698711700271815,0.0002548632910475135,0.00013698711700271815,0.0002548632910475135,0.00039185042260214686,0.00013772664533462375,0.001577692455612123,0.0,0.0,0.0,0.0,0.0,0.0,0.0,0.0010481153149157763,0.0007837008452042937,0.000688633241225034,0.0,0.0,0.002520449459552765,1.0,2.0,0.3333333432674408,4.0,0.0787418857216835,0.07243914157152176,0.0910792276263237,0.08429955691099167,0.07688526064157486,0.07507167756557465,0.0,0.0,1.0,-0.37859371304512024,0.40716955065727234,1.0,-0.21591660380363464,0.20064038038253784,0.0,0.0,0.0,0.0,0.30164438486099243,0.2433243840932846,0.0,0.0,0.0,0.0,0.0,0.0,1.0,2.0,5.0,1.0,0.0,1,0.0027216398157179356,0.0017496529035270214,0.00019607829744927585,0.00022400464513339102,0.0013295699609443545,0.0007357045542448759,0.0002362823870498687,0.0,0.0,1.0,2.00099515914917,1.2143003940582275,1.2292187213897705,20.185802459716797,199.3531494140625,101.25025177001953,125.52387237548828
9300,1.0,1.0,1.0,1.0,1.0,0.00014259821909945458,0.00015221425564959645,0.0008047917508520186,0.00014259821909945458,0.00015221425564959645,0.0008047917508520186,0.001099604181945324,0.00012537471775431186,0.00024645670782774687,0.00012537471775431186,0.00024645670782774687,0.0003718314110301435,0.00011746809468604624,0.0015889037167653441,0.0,0.0,0.0,0.0,0.0,0.0,0.0,0.001099604181945324,0.000743662822060287,0.0005873404443264008,0.0,0.0,0.0024306075647473335,1.0,1.0,0.1666666716337204,2.0,0.08384551852941513,0.0836482048034668,0.07216022163629532,0.07216022163629532,0.04398675262928009,0.04388323798775673,0.0,0.0,0.0,0.4106369912624359,0.42327871918678284,1.0,-0.06856505572795868,0.06856504827737808,0.0,0.0,0.0,0.0,0.16984768211841583,0.1984700858592987,0.0,0.0,0.0,0.0,0.0,0.0,1.0,2.0,5.0,1.0,0.0,1,0.002618861850351095,0.0016818884760141373,0.00018241186626255512,0.00020435494661796838,0.001295121619477868,0.0007123231771402061,0.00022465015354100615,0.0,0.0,1.0,2.00099515914917,1.2143003940582275,1.2292187213897705,20.185802459716797,199.3531494140625,101.25025177001953,125.52387237548828
9400,1.0,1.0,1.0,1.0,1.0,0.00011518991232151166,0.00014208917855285108,0.0007527588750235736,0.00011518991232151166,0.00014208917855285108,0.0007527588750235736,0.0010100379586219788,0.00012379244435578585,0.0002702880301512778,0.00012379244435578585,0.0002702880301512778,0.00039408047450706363,0.00012898488785140216,0.001533103408291936,0.0,0.0,0.0,0.0,0.0,0.0,0.0,0.0010100379586219788,0.0007881609490141273,0.0006449244683608413,0.0,0.0,0.0024431233759969473,1.0,3.0,0.5,6.0,0.06438370794057846,0.06320779770612717,0.06633242219686508,0.06618335098028183,0.03575144708156586,0.035150714218616486,0.0,0.0,1.0,-0.05906515568494797,0.05795253440737724,1.0,-0.17951779067516327,0.17915600538253784,0.0,0.0,0.0,1.0,-0.022518102079629898,0.02207181043922901,0.0,0.0,0.0,0.0,0.0,0.0,1.0,2.0,5.0,1.0,0.0,1,0.0025152587331831455,0.0016481522470712662,0.00017986187594942749,0.00022550983703695238,0.0012427804758772254,0.0006614772137254477,0.0002056291705230251,0.0,0.0,1.0,2.00099515914917,1.2143003940582275,1.2292187213897705,20.185802459716797,199.3531494140625,101.25025177001953,125.52387237548828
9500,1.0,1.0,1.0,1.0,1.0,0.00012673695164266974,0.0001319259317824617,0.0007211579359136522,0.00012673695164266974,0.0001319259317824617,0.0007211579359136522,0.000979820848442614,0.00010392770491307601,0.0002661535399965942,0.00010392770491307601,0.0002661535399965942,0.0003700812521856278,0.00013485198724083602,0.0014847541460767388,0.0,0.0,0.0,0.0,0.0,0.0,0.0,0.000979820848442614,0.0007401625043712556,0.0006742599653080106,0.0,0.0,0.0023942431434988976,1.0,2.0,0.3333333432674408,4.0,0.06846002489328384,0.06829347461462021,0.07787111401557922,0.07768582552671432,0.05867408215999603,0.05866552144289017,0.0,0.0,1.0,-0.0697113648056984,0.06970144063234329,0.0,0.17075543105602264,0.17000339925289154,0.0,0.0,0.0,1.0,-0.017075465992093086,0.028468577191233635,0.0,0.0,0.0,0.0,0.0,0.0,1.0,2.0,5.0,1.0,0.0,1,0.002495475811883807,0.0015919398283585906,0.00016801459423732013,0.00021043054584879428,0.0012134946882724762,0.0007000265177339315,0.0002035095967585221,0.0,0.0,1.0,2.00099515914917,1.2143003940582275,1.2292187213897705,20.185802459716797,199.3531494140625,101.25025177001953,125.52387237548828
9600,1.0,1.0,1.0,1.0,1.0,0.00012057850108249113,0.00012843514559790492,0.0006951251998543739,0.00012057850108249113,0.00012843514559790492,0.0006951251998543739,0.0009441388538107276,0.00010392225522082299,0.0002456788206472993,0.00010392225522082299,0.0002456788206472993,0.0003496010904200375,0.00011312405695207417,0.0014068640302866697,0.0,0.0,0.0,0.0,0.0,0.0,0.0,0.0009441388538107276,0.000699202180840075,0.0005656202556565404,0.0,0.0,0.002208961173892021,1.0,2.0,0.3333333432674408,4.0,0.0570695698261261,0.054026730358600616,0.081943579018116,0.0776003897190094,0.028902387246489525,0.028873953968286514,0.0,0.0,1.0,-0.3212401866912842,0.3226478099822998,1.0,-0.04434571415185928,0.04199981689453125,0.0,0.0,0.0,0.0,0.06192217394709587,0.050394512712955475,0.0,0.0,0.0,0.0,0.0,0.0,1.0,2.0,5.0,1.0,0.0,1,0.00240193004719913,0.0015411187196150422,0.00018883185111917555,0.00019167418940924108,0.0011606126790866256,0.0006742346449755132,0.00018657679902389646,0.0,0.0,1.0,2.00099515914917,1.2143003940582275,1.2292187213897705,20.185802459716797,199.3531494140625,101.25025177001953,125.52387237548828
9700,1.0,1.0,1.0,1.0,1.0,0.00011660832387860864,0.0001228938199346885,0.0006934130215086043,0.00011660832387860864,0.0001228938199346885,0.0006934130215086043,0.000932915136218071,0.00011116232781205326,0.00023482808319386095,0.00011116232781205326,0.00023482808319386095,0.0003459904110059142,0.00011018924851668999,0.0013890947448089719,0.0,0.0,0.0,0.0,0.0,0.0,0.0,0.000932915136218071,0.0006919808220118284,0.0005509462207555771,0.0,0.0,0.0021758421789854765,1.0,2.0,0.3333333432674408,4.0,0.038108352571725845,0.03779642656445503,0.06901250034570694,0.06293036043643951,0.035691726952791214,0.03274291008710861,0.0,0.0,0.0,0.26242971420288086,0.23221606016159058,1.0,-0.12768509984016418,0.22505830228328705,0.0,0.0,0.0,1.0,-0.410481333732605,0.4067642390727997,0.0,0.0,0.0,0.0,0.0,0.0,1.0,2.0,5.0,1.0,0.0,1,0.0023327830713242292,0.001504954183474183,0.00018804840510711074,0.00017975459923036397,0.001137151150032878,0.0006377254030667245,0.0001901033247122541,0.0,0.0,1.0,2.00099515914917,1.2143003940582275,1.2292187213897705,20.185802459716797,199.3531494140625,101.25025177001953,125.52387237548828
9800,1.0,1.0,1.0,1.0,1.0,0.00010034652223112062,0.00010562488023424521,0.00063858344219625,0.00010034652223112062,0.00010562488023424521,0.00063858344219625,0.000844554859213531,0.000103433892945759,0.00023282307665795088,0.000103433892945759,0.00023282307665795088,0.0003362569841556251,9.337376104667783e-05,0.0012741854880005121,0.0,0.0,0.0,0.0,0.0,0.0,0.0,0.000844554859213531,0.0006725139683112502,0.00046686880523338914,0.0,0.0,0.0019839375745505095,1.0,1.0,0.1666666716337204,2.0,0.06685372442007065,0.06685372442007065,0.1365612894296646,0.13640090823173523,0.061519186943769455,0.061446938663721085,0.0,0.0,0.0,0.0735149011015892,0.07496907562017441,0.0,0.028196727856993675,0.03179587423801422,0.0,0.0,0.0,1.0,-0.048450224101543427,0.048450227826833725,0.0,0.0,0.0,0.0,0.0,0.0,1.0,2.0,5.0,1.0,0.0,1,0.0023066431749612093,0.0014667651848867536,0.0001743752509355545,0.0001876662572612986,0.0011047236621379852,0.0006572260754182935,0.0001826518273446709,0.0,0.0,1.0,2.00099515914917,1.2143003940582275,1.2292187213897705,20.185802459716797,199.3531494140625,101.25025177001953,125.52387237548828
9900,1.0,1.0,1.0,1.0,1.0,0.00014477696095127612,0.00012082984176231548,0.0006863099988549948,0.00014477696095127612,0.00012082984176231548,0.0006863099988549948,0.0009519167942926288,0.00011893056944245473,0.00026551971677690744,0.00011893056944245473,0.00026551971677690744,0.00038445027894340456,0.0001073105086106807,0.001443677581846714,0.0,0.0,0.0,0.0,0.0,0.0,0.0,0.0009519167942926288,0.0007689005578868091,0.000536552513949573,0.0,0.0,0.002257369924336672,1.0,2.0,0.3333333432674408,4.0,0.1034657284617424,0.10148032754659653,0.08309336006641388,0.08210702240467072,0.07075275480747223,0.06911256164312363,0.0,0.0,1.0,-0.15362153947353363,0.22650840878486633,1.0,-0.21407194435596466,0.21242499351501465,0.0,0.0,0.0,0.0,0.6120918393135071,0.6000746488571167,0.0,0.0,0.0,0.0,0.0,0.0,1.0,2.0,5.0,1.0,0.0,1,0.0022100808564573526,0.0014337083557620645,0.0001571634056745097,0.00019111782603431493,0.0010854271240532398,0.0006106275250203907,0.00016574484470766038,0.0,0.0,1.0,2.00099515914917,1.2143003940582275,1.2292187213897705,20.185802459716797,199.3531494140625,101.25025177001953,125.52387237548828
10000,1.0,1.0,1.0,1.0,1.0,0.00011743088543880731,0.00013592246978078038,0.0006734320195391774,0.00011743088543880731,0.00013592246978078038,0.0006734320195391774,0.0009267854038625956,0.00011951761553063989,0.0002383598475717008,0.00011951761553063989,0.0002383598475717008,0.0003578774631023407,9.819233673624694e-05,0.0013828552328050137,0.0,0.0,0.0,0.0,0.0,0.0,0.0,0.0009267854038625956,0.0007157549262046814,0.0004909617127850652,0.0,0.0,0.002133502159267664,1.0,0.0,0.0,0.0,0.04977421090006828,0.04977421090006828,0.12525781989097595,0.12525781989097595,0.04984421283006668,0.04984421283006668,0.0,0.0,0.0,0.13654232025146484,0.13654232025146484,0.0,0.10934632271528244,0.10934632271528244,0.0,0.0,0.0,0.0,0.4146929681301117,0.4146929681301117,0.0,0.0,0.0,0.0,0.0,0.0,1.0,2.0,5.0,1.0,0.0,1,0.002192678628489375,0.001415672362782061,0.00019156932830810547,0.00018059511785395443,0.0010435079457238317,0.0006110122194513679,0.0001659939589444548,0.0,0.0,1.0,2.00099515914917,1.2143003940582275,1.2292187213897705,20.185802459716797,199.3531494140625,101.25025177001953,125.52387237548828
10100,1.0,1.0,1.0,1.0,1.0,0.00018554850248619914,0.00014453449693974108,0.0006612319266423583,0.00018554850248619914,0.00014453449693974108,0.0006612319266423583,0.0009913148824125528,0.00014378420019056648,0.0002131786459358409,0.00014378420019056648,0.0002131786459358409,0.0003569628461264074,9.349253377877176e-05,0.0014417703496292233,0.0,0.0,0.0,0.0,0.0,0.0,0.0,0.0009913148824125528,0.0007139256922528148,0.0004674626688938588,0.0,0.0,0.002172703156247735,1.0,0.0,0.0,0.0,0.1955750733613968,0.1955750733613968,0.10644922405481339,0.10644922405481339,0.03364895284175873,0.03364895284175873,0.0,0.0,0.0,0.38831526041030884,0.38831526041030884,0.0,0.1302536576986313,0.1302536576986313,0.0,0.0,0.0,0.0,0.02499980852007866,0.02499980852007866,0.0,0.0,0.0,0.0,0.0,0.0,1.0,2.0,5.0,1.0,0.0,1,0.00218450790271163,0.0014367683324962854,0.00025588180869817734,0.00017089708126150072,0.001009989413432777,0.000587053713388741,0.00016068568220362067,0.0,0.0,1.0,2.00099515914917,1.2143003940582275,1.2292187213897705,20.185802459716797,199.3531494140625,101.25025177001953,125.52387237548828
10200,1.0,1.0,1.0,1.0,1.0,0.00010281293361913413,0.00013624578423332423,0.0005875902716070414,0.00010281293361913413,0.00013624578423332423,0.0005875902716070414,0.0008266490185633302,9.480125299887732e-05,0.00023451598826795816,9.480125299887732e-05,0.00023451598826795816,0.00032931723399087787,8.992547373054549e-05,0.0012458916753530502,0.0,0.0,0.0,0.0,0.0,0.0,0.0,0.0008266490185633302,0.0006586344679817557,0.00044962737592868507,0.0,0.0,0.0019349108915776014,1.0,0.0,0.0,0.0,0.07885629683732986,0.07885629683732986,0.10706909000873566,0.10706909000873566,0.07880263030529022,0.07880263030529022,0.0,0.0,0.0,0.37618929147720337,0.37618929147720337,0.0,0.29232048988342285,0.29232048988342285,0.0,0.0,0.0,0.0,0.5383196473121643,0.5383196473121643,0.0,0.0,0.0,0.0,0.0,0.0,1.0,2.0,5.0,1.0,0.0,1,0.0021033494267612696,0.0013476364547386765,0.0001499312638770789,0.00020272936671972275,0.0009949757950380445,0.0005948298494331539,0.00016088307893369347,0.0,0.0,1.0,2.00099515914917,1.2143003940582275,1.2292187213897705,20.185802459716797,199.3531494140625,101.25025177001953,125.52387237548828
10300,1.0,1.0,1.0,1.0,1.0,0.00012067108764313161,0.00010828520316863433,0.0006030744407325983,0.00012067108764313161,0.00010828520316863433,0.0006030744407325983,0.0008320307242684066,9.246432455256581e-05,0.00020014472829643637,9.246432455256581e-05,0.00020014472829643637,0.00029260903829708695,7.344420009758323e-05,0.001198083977214992,0.0,0.0,0.0,0.0,0.0,0.0,0.0,0.0008320307242684066,0.0005852180765941739,0.0003672210150398314,0.0,0.0,0.0017844696994870901,1.0,1.0,0.1666666716337204,2.0,0.0908355861902237,0.08864930272102356,0.05729922652244568,0.05729922652244568,0.051327042281627655,0.05009167268872261,0.0,0.0,0.0,0.11865110695362091,0.19674935936927795,1.0,-0.21807754039764404,0.21807755529880524,0.0,0.0,0.0,0.0,0.3364068865776062,0.37121671438217163,0.0,0.0,0.0,0.0,0.0,0.0,1.0,2.0,5.0,1.0,0.0,1,0.002007140312343836,0.0012857008259743452,0.00014456895587500185,0.0001632486964808777,0.0009778831154108047,0.0005756601458415389,0.00014577939873561263,0.0,0.0,1.0,2.00099515914917,1.2143003940582275,1.2292187213897705,20.185802459716797,199.3531494140625,101.25025177001953,125.52387237548828
10400,1.0,1.0,1.0,1.0,1.0,0.00011309408000670373,0.00019130943110212684,0.0005717196618206799,0.00011309408000670373,0.00019130943110212684,0.0005717196618206799,0.0008761232020333409,9.877872071228921e-05,0.0002483352436684072,9.877872071228921e-05,0.0002483352436684072,0.0003471139643806964,8.314688602695242e-05,0.0013063839869573712,0.0,0.0,0.0,0.0,0.0,0.0,0.0,0.0008761232020333409,0.0006942279287613928,0.00041573442285880446,0.0,0.0,0.00198608567006886,1.0,0.0,0.0,0.0,0.19512517750263214,0.19512517750263214,0.1982690691947937,0.1982690691947937,0.08057957142591476,0.08057957142591476,0.0,0.0,0.0,0.4650736451148987,0.4650736451148987,0.0,0.3279857933521271,0.3279857933521271,0.0,0.0,0.0,0.0,0.6348181366920471,0.6348181366920471,0.0,0.0,0.0,0.0,0.0,0.0,1.0,2.0,5.0,1.0,0.0,1,0.002160180127248168,0.0013996290508657694,0.00014225255290511996,0.00031590554863214493,0.0009414709056727588,0.0006205782992765307,0.00013997282076161355,0.0,0.0,1.0,2.00099515914917,1.2143003940582275,1.2292187213897705,20.185802459716797,199.3531494140625,101.25025177001953,125.52387237548828
10500,1.0,1.0,1.0,1.0,1.0,0.00011879989324370399,0.0002405638515483588,0.0006079283775761724,0.00011879989324370399,0.0002405638515483588,0.0006079283775761724,0.0009672921150922775,9.140620386460796e-05,0.0002543024020269513,9.140620386460796e-05,0.0002543024020269513,0.00034570859861560166,9.413002408109605e-05,0.0014071307377889752,0.0,0.0,0.0,0.0,0.0,0.0,0.0,0.0009672921150922775,0.0006914171972312033,0.00047065012040548027,0.0,0.0,0.0021293594036251307,1.0,0.0,0.0,0.0,0.24672181904315948,0.24672181904315948,0.188923180103302,0.188923180103302,0.10680221766233444,0.10680221766233444,0.0,0.0,0.0,0.13813816010951996,0.13813816010951996,0.0,0.2925685942173004,0.2925685942173004,0.0,0.0,0.0,0.0,0.5659040212631226,0.5659040212631226,0.0,0.0,0.0,0.0,0.0,0.0,1.0,2.0,5.0,1.0,0.0,1,0.0020914245396852493,0.0013008019886910915,0.0001502525992691517,0.0002344468084629625,0.0009161026100628078,0.0006436832481995225,0.0001469393027946353,0.0,0.0,1.0,2.00099515914917,1.2143003940582275,1.2292187213897705,20.185802459716797,199.3531494140625,101.25025177001953,125.52387237548828
10600,1.0,1.0,1.0,1.0,1.0,0.00011503324640216306,9.991133993025869e-05,0.0005252090631984174,0.00011503324640216306,9.991133993025869e-05,0.0005252090631984174,0.0007401536568067968,9.730156307341531e-05,0.0002006896975217387,9.730156307341531e-05,0.0002006896975217387,0.00029799126787111163,6.377011595759541e-05,0.0011019150260835886,0.0,0.0,0.0,0.0,0.0,0.0,0.0,0.0007401536568067968,0.0005959825357422233,0.0003188505652360618,0.0,0.0,0.0016549867577850819,1.0,1.0,0.1666666716337204,2.0,0.11255881935358047,0.11224538087844849,0.11396356672048569,0.11364623159170151,0.038197390735149384,0.038197390735149384,0.0,0.0,1.0,-0.07457536458969116,0.07457535713911057,0.0,0.014896619133651257,0.02919073961675167,0.0,0.0,0.0,0.0,0.19058361649513245,0.19222979247570038,0.0,0.0,0.0,0.0,0.0,0.0,1.0,2.0,5.0,1.0,0.0,1,0.0019341794541105628,0.0012807846069335938,0.0001954351901076734,0.00017985497834160924,0.0009054943802766502,0.0005225783097557724,0.00013081646466162056,0.0,0.0,1.0,2.00099515914917,1.2143003940582275,1.2292187213897705,20.185802459716797,199.3531494140625,101.25025177001953,125.52387237548828
10700,1.0,1.0,1.0,1.0,1.0,9.277064236812294e-05,8.925108704715967e-05,0.0005322910728864372,9.277064236812294e-05,8.925108704715967e-05,0.0005322910728864372,0.0007143127731978893,9.78032112470828e-05,0.00019998995412606746,9.78032112470828e-05,0.00019998995412606746,0.00029779315809719265,7.274945528479293e-05,0.0010848554084077477,0.0,0.0,0.0,0.0,0.0,0.0,0.0,0.0007143127731978893,0.0005955863161943853,0.00036374726914800704,0.0,0.0,0.0016736463876441121,1.0,1.0,0.1666666716337204,2.0,0.09309138357639313,0.09036410599946976,0.13478825986385345,0.13478825986385345,0.042316608130931854,0.04107687249779701,0.0,0.0,0.0,0.5709444880485535,0.6056908965110779,1.0,-0.240281343460083,0.24028131365776062,0.0,0.0,0.0,0.0,0.07075722515583038,0.21422052383422852,0.0,0.0,0.0,0.0,0.0,0.0,1.0,2.0,5.0,1.0,0.0,1,0.0018986931536346674,0.00121523707639426,0.00018886631005443633,0.0001548302680021152,0.0008715405128896236,0.0005507334135472775,0.00013272266369313002,0.0,0.0,1.0,2.00099515914917,1.2143003940582275,1.2292187213897705,20.185802459716797,199.3531494140625,101.25025177001953,125.52387237548828
10800,1.0,1.0,1.0,1.0,1.0,0.00011128754704259336,9.21269238460809e-05,0.0005099750705994666,0.00011128754704259336,9.21269238460809e-05,0.0005099750705994666,0.0007133895414881408,0.00011072886263718829,0.00016806533676572144,0.00011072886263718829,0.00016806533676572144,0.00027879420667886734,5.986984615447e-05,0.0010520536452531815,0.0,0.0,0.0,0.0,0.0,0.0,0.0,0.0007133895414881408,0.0005575884133577347,0.00029934922349639237,0.0,0.0,0.0015703272074460983,1.0,0.0,0.0,0.0,0.10027473419904709,0.10027473419904709,0.1007961630821228,0.1007961630821228,0.05667949467897415,0.05667949467897415,0.0,0.0,0.0,0.22877147793769836,0.22877147793769836,0.0,0.3461706042289734,0.3461706042289734,0.0,0.0,0.0,0.0,0.28516340255737305,0.28516340255737305,0.0,0.0,0.0,0.0,0.0,0.0,1.0,2.0,5.0,1.0,0.0,1,0.0018248396227136254,0.0011506594019010663,0.00013501677312888205,0.00015808532771188766,0.0008575572865083814,0.0005422982503660023,0.0001318818685831502,0.0,0.0,1.0,2.00099515914917,1.2143003940582275,1.2292187213897705,20.185802459716797,199.3531494140625,101.25025177001953,125.52387237548828
10900,1.0,1.0,1.0,1.0,1.0,8.493495988659561e-05,9.779483661986887e-05,0.000464565004222095,8.493495988659561e-05,9.779483661986887e-05,0.000464565004222095,0.0006472948007285595,9.583846986060962e-05,0.0001972484460566193,9.583846986060962e-05,0.0001972484460566193,0.0002930869231931865,7.154511695262045e-05,0.0010119267972186208,0.0,0.0,0.0,0.0,0.0,0.0,0.0,0.0006472948007285595,0.000586173846386373,0.00035772559931501746,0.0,0.0,0.001591194188222289,1.0,1.0,0.1666666716337204,2.0,0.030419286340475082,0.028071660548448563,0.08383122086524963,0.08383122086524963,0.05313468351960182,0.049033984541893005,0.0,0.0,0.0,0.13120432198047638,0.21958889067173004,1.0,-0.38522085547447205,0.38522085547447205,0.0,0.0,0.0,0.0,0.1854458898305893,0.255724161863327,0.0,0.0,0.0,0.0,0.0,0.0,1.0,2.0,5.0,1.0,0.0,1,0.0018356598448008299,0.0011754566803574562,0.00016243141726590693,0.00016118751955218613,0.0008518376853317022,0.0005290827830322087,0.0001311204832745716,0.0,0.0,1.0,2.00099515914917,1.2143003940582275,1.2292187213897705,20.185802459716797,199.3531494140625,101.25025177001953,125.52387237548828
11000,1.0,1.0,1.0,1.0,1.0,0.0001475592580391094,0.00011872046161442995,0.0004967768327333033,0.0001475592580391094,0.00011872046161442995,0.0004967768327333033,0.0007630565669387579,9.922702884068713e-05,0.00015327590517699718,9.922702884068713e-05,0.00015327590517699718,0.0002525029412936419,6.34932002867572e-05,0.0010790526866912842,0.0,0.0,0.0,0.0,0.0,0.0,0.0,0.0007630565669387579,0.0005050058825872838,0.0003174660087097436,0.0,0.0,0.0015855284873396158,1.0,2.0,0.3333333432674408,4.0,0.16249355673789978,0.1617228239774704,0.0687163695693016,0.0686027780175209,0.048049841076135635,0.04781746864318848,0.0,0.0,1.0,-0.05747311934828758,0.08433450013399124,1.0,-0.0982276052236557,0.09808314591646194,0.0,0.0,0.0,0.0,0.3434281051158905,0.339986115694046,0.0,0.0,0.0,0.0,0.0,0.0,1.0,2.0,5.0,1.0,0.0,1,0.0018508773064240813,0.0012038873974233866,0.0002112681104335934,0.0001471163413953036,0.0008455030038021505,0.0005235887365415692,0.00012340112880337983,0.0,0.0,1.0,2.00099515914917,1.2143003940582275,1.2292187213897705,20.185802459716797,199.3531494140625,101.25025177001953,125.52387237548828
11100,1.0,1.0,1.0,1.0,1.0,9.294632764067501e-05,0.00010724736785050482,0.0004782546020578593,9.294632764067501e-05,0.00010724736785050482,0.0004782546020578593,0.0006784482975490391,8.669447561260313e-05,0.00018237862968817353,8.669447561260313e-05,0.00018237862968817353,0.0002690731198526919,5.987206532154232e-05,0.0010073934681713581,0.0,0.0,0.0,0.0,0.0,0.0,0.0,0.0006784482975490391,0.0005381462397053838,0.0002993603120557964,0.0,0.0,0.0015159549657255411,1.0,0.0,0.0,0.0,0.0835646241903305,0.0835646241903305,0.1153598204255104,0.1153598204255104,0.06569407135248184,0.06569407135248184,0.0,0.0,0.0,0.3004749119281769,0.3004749119281769,0.0,0.039384640753269196,0.039384640753269196,0.0,0.0,0.0,0.0,0.6299098134040833,0.6299098134040833,0.0,0.0,0.0,0.0,0.0,0.0,1.0,2.0,5.0,1.0,0.0,1,0.0017039721133187413,0.0011053173802793026,0.0001313120301347226,0.00015455995162483305,0.0008194453548640013,0.0004822631599381566,0.00011639152216957882,0.0,0.0,1.0,2.00099515914917,1.2143003940582275,1.2292187213897705,20.185802459716797,199.3531494140625,101.25025177001953,125.52387237548828
11200,1.0,1.0,1.0,1.0,1.0,9.265859262086451e-05,0.00013720509014092386,0.0004335653211455792,9.265859262086451e-05,0.00013720509014092386,0.0004335653211455792,0.000663429033011198,7.166367140598595e-05,0.0001617345551494509,7.166367140598595e-05,0.0001617345551494509,0.00023339822655543685,6.00435960222967e-05,0.000956870848312974,0.0,0.0,0.0,0.0,0.0,0.0,0.0,0.000663429033011198,0.0004667964531108737,0.00030021797283552587,0.0,0.0,0.001430443488061428,1.0,0.0,0.0,0.0,0.14779208600521088,0.14779208600521088,0.0852169618010521,0.0852169618010521,0.08448384702205658,0.08448384702205658,0.0,0.0,0.0,0.07442662119865417,0.07442662119865417,0.0,0.2211671620607376,0.2211671620607376,0.0,0.0,0.0,0.0,0.22913269698619843,0.22913269698619843,0.0,0.0,0.0,0.0,0.0,0.0,1.0,2.0,5.0,1.0,0.0,1,0.0017318183090537786,0.001104320166632533,0.0001328456710325554,0.00016919791232794523,0.0008022765978239477,0.0005146657931618392,0.00011283234925940633,0.0,0.0,1.0,2.00099515914917,1.2143003940582275,1.2292187213897705,20.185802459716797,199.3531494140625,101.25025177001953,125.52387237548828
11300,1.0,1.0,1.0,1.0,1.0,9.533605771139264e-05,0.00011531752534210682,0.00048284861259162426,9.533605771139264e-05,0.00011531752534210682,0.00048284861259162426,0.0006935021956451237,0.00010167786967940629,0.0001719870197121054,0.00010167786967940629,0.0001719870197121054,0.0002736648893915117,6.375461089191958e-05,0.0010309217032045126,0.0,0.0,0.0,0.0,0.0,0.0,0.0,0.0006935021956451237,0.0005473297787830234,0.00031877306173555553,0.0,0.0,0.001559605123475194,1.0,1.0,0.1666666716337204,2.0,0.12241396307945251,0.12241396307945251,0.10107048600912094,0.10077489912509918,0.0286271870136261,0.028543466702103615,0.0,0.0,0.0,0.21617086231708527,0.23152616620063782,0.0,0.19206322729587555,0.2091955989599228,0.0,0.0,0.0,1.0,-0.07642374187707901,0.07642373442649841,0.0,0.0,0.0,0.0,0.0,0.0,1.0,2.0,5.0,1.0,0.0,1,0.0016575957415625453,0.0010921370703727007,0.00014031554746907204,0.00016425827925559133,0.0007875632145442069,0.00045664398930966854,0.000108814645500388,0.0,0.0,1.0,2.00099515914917,1.2143003940582275,1.2292187213897705,20.185802459716797,199.3531494140625,101.25025177001953,125.52387237548828
11400,1.0,1.0,1.0,1.0,1.0,8.499559771735221e-05,0.00011001742677763104,0.000428479426773265,8.499559771735221e-05,0.00011001742677763104,0.000428479426773265,0.0006234924658201635,6.664107058895752e-05,0.00015611809794791043,6.664107058895752e-05,0.00015611809794791043,0.00022275917581282556,5.086848250357434e-05,0.0008971201023086905,0.0,0.0,0.0,0.0,0.0,0.0,0.0,0.0006234924658201635,0.0004455183516256511,0.0002543424197938293,0.0,0.0,0.0013233532663434744,1.0,0.0,0.0,0.0,0.10594649612903595,0.10594649612903595,0.0776401087641716,0.0776401087641716,0.036974258720874786,0.036974258720874786,0.0,0.0,0.0,0.08159874379634857,0.08159874379634857,0.0,0.3971242904663086,0.3971242904663086,0.0,0.0,0.0,0.0,0.042128950357437134,0.042128950357437134,0.0,0.0,0.0,0.0,0.0,0.0,1.0,2.0,5.0,1.0,0.0,1,0.0016856350703164935,0.0011044186539947987,0.00013281188148539513,0.00019304837042000145,0.0007785583729855716,0.0004749799845740199,0.0001062364608515054,0.0,0.0,1.0,2.00099515914917,1.2143003940582275,1.2292187213897705,20.185802459716797,199.3531494140625,101.25025177001953,125.52387237548828
11500,1.0,1.0,1.0,1.0,1.0,0.00010108410788234323,0.00013885238149669021,0.0004381854087114334,0.00010108410788234323,0.00013885238149669021,0.0004381854087114334,0.0006781219271942973,0.0001427739334758371,0.00019273530051577836,0.0001427739334758371,0.00019273530051577836,0.0003355092485435307,6.826742901466787e-05,0.0010818986920639873,0.0,0.0,0.0,0.0,0.0,0.0,0.0,0.0006781219271942973,0.0006710184970870614,0.00034133714507333934,0.0,0.0,0.0016904775984585285,1.0,0.0,0.0,0.0,0.1465657502412796,0.1465657502412796,0.15739791095256805,0.15739791095256805,0.04575159773230553,0.04575159773230553,0.0,0.0,0.0,0.42230671644210815,0.42230671644210815,0.0,0.1096058338880539,0.1096058338880539,0.0,0.0,0.0,0.0,0.15482120215892792,0.15482120215892792,0.0,0.0,0.0,0.0,0.0,0.0,1.0,2.0,5.0,1.0,0.0,1,0.0017999847186729312,0.0011971925850957632,0.00015496931155212224,0.00027342073735781014,0.0007688024779781699,0.0004997641080990434,0.00010302801092620939,0.0,0.0,1.0,2.00099515914917,1.2143003940582275,1.2292187213897705,20.185802459716797,199.3531494140625,101.25025177001953,125.52387237548828
11600,1.0,1.0,1.0,1.0,1.0,8.419997175224125e-05,9.105721983360127e-05,0.0004895011661574244,8.419997175224125e-05,9.105721983360127e-05,0.0004895011661574244,0.0006647583795711398,8.112280193017796e-05,0.00017974351067095995,8.112280193017796e-05,0.00017974351067095995,0.0002608663053251803,5.6278098782058805e-05,0.000981902820058167,0.0,0.0,0.0,0.0,0.0,0.0,0.0,0.0006647583795711398,0.0005217326106503606,0.00028139050118625164,0.0,0.0,0.001467881491407752,1.0,1.0,0.1666666716337204,2.0,0.0663851723074913,0.06212104484438896,0.09261029213666916,0.09261029213666916,0.028969263657927513,0.02710847742855549,0.0,0.0,0.0,0.33285874128341675,0.41022419929504395,1.0,-0.3526192307472229,0.3526192605495453,0.0,0.0,0.0,0.0,0.1446758359670639,0.28003573417663574,0.0,0.0,0.0,0.0,0.0,0.0,1.0,2.0,5.0,1.0,0.0,1,0.0015843145083636045,0.0010208028834313154,0.0001221408019773662,0.00013839489838574082,0.0007602672558277845,0.00046306027797982097,0.00010045123053714633,0.0,0.0,1.0,2.00099515914917,1.2143003940582275,1.2292187213897705,20.185802459716797,199.3531494140625,101.25025177001953,125.52387237548828
11700,1.0,1.0,1.0,1.0,1.0,8.342457294929773e-05,9.745305578690022e-05,0.0004483627271838486,8.342457294929773e-05,9.745305578690022e-05,0.0004483627271838486,0.0006292403559200466,7.873812137404457e-05,0.0001200514889205806,7.873812137404457e-05,0.0001200514889205806,0.00019878961029462516,4.964711843058467e-05,0.0008776770555414259,0.0,0.0,0.0,0.0,0.0,0.0,0.0,0.0006292403559200466,0.0003975792205892503,0.00024823559215292335,0.0,0.0,0.0012750551104545593,1.0,1.0,0.1666666716337204,2.0,0.0717678964138031,0.07112434506416321,0.0498824268579483,0.0498824268579483,0.021765537559986115,0.021570364013314247,0.0,0.0,0.0,0.09852666407823563,0.10720661282539368,1.0,-0.1336183398962021,0.1336183100938797,0.0,0.0,0.0,0.0,0.0577661469578743,0.0715729221701622,0.0,0.0,0.0,0.0,0.0,0.0,1.0,2.0,5.0,1.0,0.0,1,0.001643823110498488,0.0010524550452828407,0.0001374109269818291,0.00017916223441716284,0.0007358818547800183,0.0004901901120319963,0.00010117798956343904,0.0,0.0,1.0,2.00099515914917,1.2143003940582275,1.2292187213897705,20.185802459716797,199.3531494140625,101.25025177001953,125.52387237548828
11800,1.0,1.0,1.0,1.0,1.0,9.590796253178269e-05,8.411430462729186e-05,0.0004315648111514747,9.590796253178269e-05,8.411430462729186e-05,0.0004315648111514747,0.0006115870783105493,8.090207120403647e-05,0.00013474869774654508,8.090207120403647e-05,0.00013474869774654508,0.00021565076895058155,5.1444716518744826e-05,0.0008786825928837061,0.0,0.0,0.0,0.0,0.0,0.0,0.0,0.0006115870783105493,0.0004313015379011631,0.00025722358259372413,0.0,0.0,0.001300112227909267,1.0,1.0,0.1666666716337204,2.0,0.08815252780914307,0.08810345828533173,0.05446940287947655,0.05446940287947655,0.016620052978396416,0.016610801219940186,0.0,0.0,0.0,0.34001854062080383,0.34290704131126404,1.0,-0.03335997089743614,0.03335997462272644,0.0,0.0,0.0,0.0,0.08086361736059189,0.09225796908140182,0.0,0.0,0.0,0.0,0.0,0.0,1.0,2.0,5.0,1.0,0.0,1,0.0015451819635927677,0.0010007813107222319,0.00013919016055297107,0.00013506499817594886,0.0007265261374413967,0.00044771339162252843,9.668722486821935e-05,0.0,0.0,1.0,2.00099515914917,1.2143003940582275,1.2292187213897705,20.185802459716797,199.3531494140625,101.25025177001953,125.52387237548828
11900,1.0,1.0,1.0,1.0,1.0,9.723986295284703e-05,9.304337436333299e-05,0.00040487851947546005,9.723986295284703e-05,9.304337436333299e-05,0.00040487851947546005,0.0005951617495156825,6.463844329118729e-05,0.00012614742445293814,6.463844329118729e-05,0.00012614742445293814,0.00019078586774412543,5.149113349034451e-05,0.000837438739836216,0.0,0.0,0.0,0.0,0.0,0.0,0.0,0.0005951617495156825,0.00038157173548825085,0.0002574556565377861,0.0,0.0,0.0012341891415417194,1.0,1.0,0.1666666716337204,2.0,0.08751078695058823,0.08751078695058823,0.06146771460771561,0.05796978622674942,0.053253136575222015,0.050222668796777725,0.0,0.0,0.0,0.17928166687488556,0.20090915262699127,0.0,0.030657194554805756,0.09572061896324158,0.0,0.0,0.0,1.0,-0.33252862095832825,0.33252862095832825,0.0,0.0,0.0,0.0,0.0,0.0,1.0,2.0,5.0,1.0,0.0,1,0.0015249615535140038,0.0009892587549984455,0.0001366065553156659,0.0001432640419807285,0.0007093882304616272,0.0004390479880385101,9.665476682130247e-05,0.0,0.0,1.0,2.00099515914917,1.2143003940582275,1.2292187213897705,20.185802459716797,199.3531494140625,101.25025177001953,125.52387237548828
12000,1.0,1.0,1.0,1.0,1.0,7.722008012933657e-05,7.347112114075571e-05,0.0003630323044490069,7.722008012933657e-05,7.347112114075571e-05,0.0003630323044490069,0.0005137234693393111,7.380871829809621e-05,0.0001352617546217516,7.380871829809621e-05,0.0001352617546217516,0.00020907048019580543,5.348713602870703e-05,0.000776281114667654,0.0,0.0,0.0,0.0,0.0,0.0,0.0,0.0005137234693393111,0.00041814096039161086,0.00026743568014353514,0.0,0.0,0.001199300168082118,1.0,0.0,0.0,0.0,0.050674229860305786,0.050674229860305786,0.06227812543511391,0.06227812543511391,0.06831266731023788,0.06831266731023788,0.0,0.0,0.0,0.09085825830698013,0.09085825830698013,0.0,0.20892870426177979,0.20892870426177979,0.0,0.0,0.0,0.0,0.2983493208885193,0.2983493208885193,0.0,0.0,0.0,0.0,0.0,0.0,1.0,2.0,5.0,1.0,0.0,1,0.0014924665447324514,0.000981855788268149,0.00014373110025189817,0.000136257876874879,0.0007018668111413717,0.00041891622822731733,9.169455734081566e-05,0.0,0.0,1.0,2.00099515914917,1.2143003940582275,1.2292187213897705,20.185802459716797,199.3531494140625,101.25025177001953,125.52387237548828
12100,1.0,1.0,1.0,1.0,1.0,6.7200991907157e-05,6.94405534886755e-05,0.0003515550051815808,6.7200991907157e-05,6.94405534886755e-05,0.0003515550051815808,0.0004881965578533709,7.177015504566953e-05,0.0001260423887288198,7.177015504566953e-05,0.0001260423887288198,0.0001978125364985317,4.431184061104432e-05,0.0007303209276869893,0.0,0.0,0.0,0.0,0.0,0.0,0.0,0.0004881965578533709,0.0003956250729970634,0.00022155919577926397,0.0,0.0,0.0011053808266296983,1.0,2.0,0.3333333432674408,3.0,0.035901568830013275,0.035879671573638916,0.03656939044594765,0.0355917364358902,0.014096057042479515,0.013719210401177406,0.0,0.0,1.0,-0.03492029011249542,0.036823127418756485,0.0,0.163961723446846,0.1603224277496338,0.0,0.0,0.0,1.0,-0.22968168556690216,0.22968170046806335,0.0,0.0,0.0,0.0,0.0,0.0,1.0,2.0,5.0,1.0,0.0,1,0.001406839583069086,0.0009240388171747327,0.00011595961404964328,0.00012108041119063273,0.0006869988283142447,0.00039529730565845966,8.750342385610566e-05,0.0,0.0,1.0,2.00099515914917,1.2143003940582275,1.2292187213897705,20.185802459716797,199.3531494140625,101.25025177001953,125.52387237548828
12200,1.0,1.0,1.0,1.0,1.0,7.529758295277134e-05,7.786614878568798e-05,0.00036923724110238254,7.529758295277134e-05,7.786614878568798e-05,0.00036923724110238254,0.000522400951012969,7.651690248167142e-05,0.00012297417561057955,7.651690248167142e-05,0.00012297417561057955,0.00019949107081629336,4.7560923121636733e-05,0.000769452890381217,0.0,0.0,0.0,0.0,0.0,0.0,0.0,0.000522400951012969,0.0003989821416325867,0.00023780461924616247,0.0,0.0,0.001159187755547464,1.0,2.0,0.3333333432674408,4.0,0.06022357568144798,0.05962657183408737,0.03475336357951164,0.034389179199934006,0.021876517683267593,0.021814949810504913,0.0,0.0,1.0,-0.14045651257038116,0.1400744765996933,0.0,0.22751840949058533,0.2197790890932083,0.0,0.0,0.0,1.0,-0.07497292757034302,0.10268963128328323,0.0,0.0,0.0,0.0,0.0,0.0,1.0,2.0,5.0,1.0,0.0,1,0.0014063710113987327,0.0009301685495302081,0.00011808913404820487,0.00012495597184170038,0.0006871234509162605,0.0003892502863891423,8.695208089193329e-05,0.0,0.0,1.0,2.00099515914917,1.2143003940582275,1.2292187213897705,20.185802459716797,199.3531494140625,101.25025177001953,125.52387237548828
12300,1.0,1.0,1.0,1.0,1.0,6.65883271722123e-05,7.355950947385281e-05,0.0003979908942710608,6.65883271722123e-05,7.355950947385281e-05,0.0003979908942710608,0.0005381387309171259,6.858167762402445e-05,0.00013129368016961962,6.858167762402445e-05,0.00013129368016961962,0.00019987535779364407,4.496700057643466e-05,0.0007829811074770987,0.0,0.0,0.0,0.0,0.0,0.0,0.0,0.0005381387309171259,0.00039975071558728814,0.0002248350065201521,0.0,0.0,0.0011627244530245662,1.0,0.0,0.0,0.0,0.03044520504772663,0.03044520504772663,0.03645278513431549,0.03645278513431549,0.018050754442811012,0.018050754442811012,0.0,0.0,0.0,0.179232656955719,0.179232656955719,0.0,0.40913859009742737,0.40913859009742737,0.0,0.0,0.0,0.0,0.08585834503173828,0.08585834503173828,0.0,0.0,0.0,0.0,0.0,0.0,1.0,2.0,5.0,1.0,0.0,1,0.0013947084080427885,0.0009212644072249532,0.00011013101902790368,0.00012298827641643584,0.0006881451117806137,0.00038795534055680037,8.548868208890781e-05,0.0,0.0,1.0,2.00099515914917,1.2143003940582275,1.2292187213897705,20.185802459716797,199.3531494140625,101.25025177001953,125.52387237548828
12400,1.0,1.0,1.0,1.0,1.0,7.720858411630616e-05,8.184678154066205e-05,0.00037297792732715607,7.720858411630616e-05,8.184678154066205e-05,0.00037297792732715607,0.0005320332711562514,7.19759555067867e-05,0.00014373662997968495,7.19759555067867e-05,0.00014373662997968495,0.00021571258548647165,4.766771598951891e-05,0.0007954135653562844,0.0,0.0,0.0,0.0,0.0,0.0,0.0,0.0005320332711562514,0.0004314251709729433,0.00023833857267163694,0.0,0.0,0.0012017970439046621,1.0,0.0,0.0,0.0,0.0436205230653286,0.0436205230653286,0.049749989062547684,0.049749989062547684,0.022063715383410454,0.022063715383410454,0.0,0.0,0.0,0.48353657126426697,0.48353657126426697,0.0,0.18986374139785767,0.18986374139785767,0.0,0.0,0.0,0.0,0.5231987237930298,0.5231987237930298,0.0,0.0,0.0,0.0,0.0,0.0,1.0,2.0,5.0,1.0,0.0,1,0.0013933689333498478,0.0009178731124848127,0.00011146571341669187,0.00012596383749041706,0.0006804435979574919,0.00038936937926337123,8.6126325186342e-05,0.0,0.0,1.0,2.00099515914917,1.2143003940582275,1.2292187213897705,20.185802459716797,199.3531494140625,101.25025177001953,125.52387237548828
12500,1.0,1.0,1.0,1.0,1.0,6.617592589464039e-05,7.0801361289341e-05,0.00035165829467587173,6.617592589464039e-05,7.0801361289341e-05,0.00035165829467587173,0.0004886356182396412,6.216546898940578e-05,0.0001335413835477084,6.216546898940578e-05,0.0001335413835477084,0.00019570684526115656,4.313652607379481e-05,0.0007274789968505502,0.0,0.0,0.0,0.0,0.0,0.0,0.0,0.0004886356182396412,0.0003914136905223131,0.00021568263764493167,0.0,0.0,0.0010957319755107164,1.0,2.0,0.3333333432674408,4.0,0.0352182500064373,0.03496786579489708,0.043946780264377594,0.04377034679055214,0.015483333729207516,0.015313738957047462,0.0,0.0,0.0,0.01875326782464981,0.008188930340111256,1.0,-0.1190306693315506,0.1202130913734436,0.0,0.0,0.0,1.0,-0.08951651304960251,0.0888751745223999,0.0,0.0,0.0,0.0,0.0,0.0,1.0,2.0,5.0,1.0,0.0,1,0.0013814369449391961,0.0009104104246944189,0.00010911810386460274,0.00012316829815972596,0.0006781240226700902,0.0003875785623677075,8.344796515302733e-05,0.0,0.0,1.0,2.00099515914917,1.2143003940582275,1.2292187213897705,20.185802459716797,199.3531494140625,101.25025177001953,125.52387237548828
12600,1.0,1.0,1.0,1.0,1.0,6.914427649462596e-05,7.81773851485923e-05,0.00036712829023599625,6.914427649462596e-05,7.81773851485923e-05,0.00036712829023599625,0.0005144499591551721,6.719429802615196e-05,0.00012050960503984243,6.719429802615196e-05,0.00012050960503984243,0.00018770390306599438,4.368619920569472e-05,0.0007458400796167552,0.0,0.0,0.0,0.0,0.0,0.0,0.0,0.0005144499591551721,0.00037540780613198876,0.0002184309996664524,0.0,0.0,0.0011082887649536133,1.0,0.0,0.0,0.0,0.02994295209646225,0.02994295209646225,0.038491010665893555,0.038491010665893555,0.02145558036863804,0.02145558036863804,0.0,0.0,0.0,0.5588992238044739,0.5588992238044739,0.0,0.27773353457450867,0.27773353457450867,0.0,0.0,0.0,0.0,0.3532963991165161,0.3532963991165161,0.0,0.0,0.0,0.0,0.0,0.0,1.0,2.0,5.0,1.0,0.0,1,0.001378226326778531,0.0009085382334887981,0.00011302119673928246,0.00012171323760412633,0.0006738037918694317,0.0003828133922070265,8.687473746249452e-05,0.0,0.0,1.0,2.00099515914917,1.2143003940582275,1.2292187213897705,20.185802459716797,199.3531494140625,101.25025177001953,125.52387237548828
12700,1.0,1.0,1.0,1.0,1.0,7.091205043252558e-05,7.960707443999127e-05,0.00036389855085872114,7.091205043252558e-05,7.960707443999127e-05,0.00036389855085872114,0.0005144176539033651,6.598584877792746e-05,0.00012009462807327509,6.598584877792746e-05,0.00012009462807327509,0.00018608047685120255,4.1899220377672464e-05,0.0007423973293043673,0.0,0.0,0.0,0.0,0.0,0.0,0.0,0.0005144176539033651,0.0003721609537024051,0.0002094960946124047,0.0,0.0,0.001096074702218175,1.0,2.0,0.3333333432674408,4.0,0.03803761303424835,0.03417990356683731,0.027914708480238914,0.025162890553474426,0.014908664859831333,0.01480071060359478,0.0,0.0,1.0,-0.4329448342323303,0.43963778018951416,1.0,-0.12012362480163574,0.10825999826192856,0.0,0.0,0.0,0.0,0.1123507171869278,0.06743132323026657,0.0,0.0,0.0,0.0,0.0,0.0,1.0,2.0,5.0,1.0,0.0,1,0.0013739053392782807,0.0008988925837911665,0.00011081111006205902,0.0001201310587930493,0.0006679504294879735,0.0003914615954272449,8.355114550795406e-05,0.0,0.0,1.0,2.00099515914917,1.2143003940582275,1.2292187213897705,20.185802459716797,199.3531494140625,101.25025177001953,125.52387237548828
12800,1.0,1.0,1.0,1.0,1.0,7.75966836954467e-05,8.213840919779614e-05,0.000402218836825341,7.75966836954467e-05,8.213840919779614e-05,0.000402218836825341,0.0005619539297185838,7.584469858556986e-05,0.00011459777306299657,7.584469858556986e-05,0.00011459777306299657,0.00019044247164856642,4.527863347902894e-05,0.0007976750493980944,0.0,0.0,0.0,0.0,0.0,0.0,0.0,0.0005619539297185838,0.00038088494329713285,0.0002263931673951447,0.0,0.0,0.00116923195309937,1.0,1.0,0.1666666716337204,2.0,0.04886047542095184,0.04886047542095184,0.028543559834361076,0.02764155901968479,0.016658447682857513,0.01613202504813671,0.0,0.0,0.0,0.23064568638801575,0.2536590099334717,0.0,0.06013276427984238,0.12149642407894135,0.0,0.0,0.0,1.0,-0.24940527975559235,0.24940527975559235,0.0,0.0,0.0,0.0,0.0,0.0,1.0,2.0,5.0,1.0,0.0,1,0.001362985698506236,0.0009035128750838339,0.00011508321767905727,0.00011964634177275002,0.0006687833229079843,0.0003771185874938965,8.235425048042089e-05,0.0,0.0,1.0,2.00099515914917,1.2143003940582275,1.2292187213897705,20.185802459716797,199.3531494140625,101.25025177001953,125.52387237548828
12900,1.0,1.0,1.0,1.0,1.0,7.596190698677674e-05,7.894484588177875e-05,0.00037864630576223135,7.596190698677674e-05,7.894484588177875e-05,0.00037864630576223135,0.0005335530731827021,7.411825936287642e-05,0.0001093878599931486,7.411825936287642e-05,0.0001093878599931486,0.0001835061120800674,4.158424781053327e-05,0.0007586434367112815,0.0,0.0,0.0,0.0,0.0,0.0,0.0,0.0005335530731827021,0.0003670122241601348,0.00020792124269064516,0.0,0.0,0.0011084865545853972,1.0,1.0,0.1666666716337204,2.0,0.0762290358543396,0.07618795335292816,0.03558487072587013,0.03556568920612335,0.029840953648090363,0.029840953648090363,0.0,0.0,1.0,-0.0328286737203598,0.032828669995069504,0.0,0.08577088266611099,0.0867646336555481,0.0,0.0,0.0,0.0,0.02884684130549431,0.031679652631282806,0.0,0.0,0.0,0.0,0.0,0.0,1.0,2.0,5.0,1.0,0.0,1,0.001353998202830553,0.0008928326424211264,0.0001112616082536988,0.00012113270349800587,0.0006604383233934641,0.00037718767998740077,8.397780038649216e-05,0.0,0.0,1.0,2.00099515914917,1.2143003940582275,1.2292187213897705,20.185802459716797,199.3531494140625,101.25025177001953,125.52387237548828
13000,1.0,1.0,1.0,1.0,1.0,7.778534927638248e-05,7.728311902610585e-05,0.0003889412328135222,7.778534927638248e-05,7.728311902610585e-05,0.0003889412328135222,0.000544009730219841,6.341567495837808e-05,0.00011908596934517846,6.341567495837808e-05,0.00011908596934517846,0.00018250165157951415,4.1022198274731636e-05,0.0007675335509702563,0.0,0.0,0.0,0.0,0.0,0.0,0.0,0.000544009730219841,0.0003650033031590283,0.00020511099137365818,0.0,0.0,0.0011141239665448666,1.0,1.0,0.1666666716337204,2.0,0.03394003584980965,0.03369232267141342,0.040953729301691055,0.040953729301691055,0.01645558886229992,0.016335487365722656,0.0,0.0,0.0,0.062247198075056076,0.08680392056703568,1.0,-0.12059776484966278,0.12059774249792099,0.0,0.0,0.0,0.0,0.1983715295791626,0.20739208161830902,0.0,0.0,0.0,0.0,0.0,0.0,1.0,2.0,5.0,1.0,0.0,1,0.0013391863321885467,0.0008855019696056843,0.00010974416363751516,0.00011750511475838721,0.0006582526839338243,0.00037216016789898276,8.15241364762187e-05,0.0,0.0,1.0,2.00099515914917,1.2143003940582275,1.2292187213897705,20.185802459716797,199.3531494140625,101.25025177001953,125.52387237548828
13100,1.0,1.0,1.0,1.0,1.0,6.652172305621207e-05,8.064159919740632e-05,0.0003872766101267189,6.652172305621207e-05,8.064159919740632e-05,0.0003872766101267189,0.0005344399251043797,6.662904343102127e-05,0.00011879982048412785,6.662904343102127e-05,0.00011879982048412785,0.0001854288566391915,4.3479420128278434e-05,0.0007633482455275953,0.0,0.0,0.0,0.0,0.0,0.0,0.0,0.0005344399251043797,0.000370857713278383,0.00021739710064139217,0.0,0.0,0.0011226946953684092,1.0,1.0,0.1666666716337204,2.0,0.03201071918010712,0.031916435807943344,0.029322857037186623,0.029236488044261932,0.012151559814810753,0.012151559814810753,0.0,0.0,1.0,-0.07669495791196823,0.07669495046138763,0.0,0.08346007764339447,0.0862283706665039,0.0,0.0,0.0,0.0,0.03278345242142677,0.03930018097162247,0.0,0.0,0.0,0.0,0.0,0.0,1.0,2.0,5.0,1.0,0.0,1,0.001330142724327743,0.000881395535543561,0.00011087110033258796,0.00011998305126326159,0.000650541391223669,0.00036936221295036376,7.938504859339446e-05,0.0,0.0,1.0,2.00099515914917,1.2143003940582275,1.2292187213897705,20.185802459716797,199.3531494140625,101.25025177001953,125.52387237548828
13200,1.0,1.0,1.0,1.0,1.0,7.520264625782147e-05,7.905300299171358e-05,0.00037193403113633394,7.520264625782147e-05,7.905300299171358e-05,0.00037193403113633394,0.0005261896876618266,6.36259137536399e-05,0.00012114719720557332,6.36259137536399e-05,0.00012114719720557332,0.00018477311823517084,4.375997377792373e-05,0.000754722801502794,0.0,0.0,0.0,0.0,0.0,0.0,0.0,0.0005261896876618266,0.0003695462364703417,0.00021879986161366105,0.0,0.0,0.0011145358439534903,1.0,2.0,0.3333333432674408,4.0,0.04439525306224823,0.04325469210743904,0.026682913303375244,0.025156578049063683,0.016709841787815094,0.015591914765536785,0.0,0.0,0.0,0.23532047867774963,0.17444507777690887,1.0,-0.2252158373594284,0.2845801115036011,0.0,0.0,0.0,1.0,-0.33336666226387024,0.3243061900138855,0.0,0.0,0.0,0.0,0.0,0.0,1.0,2.0,5.0,1.0,0.0,1,0.0013122025411576033,0.0008709286339581013,0.00010595091589493677,0.00011773666483350098,0.0006472410750575364,0.0003621456562541425,7.91282145655714e-05,0.0,0.0,1.0,2.00099515914917,1.2143003940582275,1.2292187213897705,20.185802459716797,199.3531494140625,101.25025177001953,125.52387237548828
13300,1.0,1.0,1.0,1.0,1.0,6.684992695227265e-05,7.581266982015222e-05,0.0003304441343061626,6.684992695227265e-05,7.581266982015222e-05,0.0003304441343061626,0.0004731067456305027,6.484791083494201e-05,0.0001123699257732369,6.484791083494201e-05,0.0001123699257732369,0.00017721783660817891,4.102523234905675e-05,0.0006913497927598655,0.0,0.0,0.0,0.0,0.0,0.0,0.0,0.0004731067456305027,0.00035443567321635783,0.00020512615446932614,0.0,0.0,0.0010326685151085258,1.0,1.0,0.1666666716337204,2.0,0.020370496436953545,0.02031639590859413,0.037813011556863785,0.037813011556863785,0.023950111120939255,0.023886507377028465,0.0,0.0,0.0,0.10024511069059372,0.11716555058956146,1.0,-0.07283207774162292,0.07283206284046173,0.0,0.0,0.0,0.0,0.2280489057302475,0.23597665131092072,0.0,0.0,0.0,0.0,0.0,0.0,1.0,2.0,5.0,1.0,0.0,1,0.0013167079305276275,0.0008774020243436098,0.00011217737483093515,0.00012124709610361606,0.000643977546133101,0.0003603092336561531,7.899666525190696e-05,0.0,0.0,1.0,2.00099515914917,1.2143003940582275,1.2292187213897705,20.185802459716797,199.3531494140625,101.25025177001953,125.52387237548828
13400,1.0,1.0,1.0,1.0,1.0,7.064589590299875e-05,7.760442531434819e-05,0.0003704463306348771,7.064589590299875e-05,7.760442531434819e-05,0.0003704463306348771,0.000518696615472436,6.518495501950383e-05,0.00011330429697409272,6.518495501950383e-05,0.00011330429697409272,0.00017848925199359655,3.915611523552798e-05,0.0007363419863395393,0.0,0.0,0.0,0.0,0.0,0.0,0.0,0.000518696615472436,0.0003569785039871931,0.0001957805798156187,0.0,0.0,0.001071455655619502,1.0,0.0,0.0,0.0,0.04093005880713463,0.04093005880713463,0.05058603733778,0.05058603733778,0.019588898867368698,0.019588898867368698,0.0,0.0,0.0,0.11183454841375351,0.11183454841375351,0.0,0.06666027009487152,0.06666027009487152,0.0,0.0,0.0,0.0,0.01336933858692646,0.01336933858692646,0.0,0.0,0.0,0.0,0.0,0.0,1.0,2.0,5.0,1.0,0.0,1,0.001313605229370296,0.0008738042088225484,0.00011366171383997425,0.00011928408639505506,0.000640858372207731,0.0003613387234508991,7.846231164876372e-05,0.0,0.0,1.0,2.00099515914917,1.2143003940582275,1.2292187213897705,20.185802459716797,199.3531494140625,101.25025177001953,125.52387237548828
13500,1.0,1.0,1.0,1.0,1.0,7.656397792743519e-05,7.953139720484614e-05,0.00035941312671639025,7.656397792743519e-05,7.953139720484614e-05,0.00035941312671639025,0.0005155084654688835,7.203965651569888e-05,0.00011571347567951307,7.203965651569888e-05,0.00011571347567951307,0.00018775313219521195,4.096536576980725e-05,0.0007442269707098603,0.0,0.0,0.0,0.0,0.0,0.0,0.0,0.0005155084654688835,0.0003755062643904239,0.00020482682157307863,0.0,0.0,0.0010958415223285556,1.0,2.0,0.3333333432674408,4.0,0.04593675211071968,0.04582808166742325,0.04692559689283371,0.04684295132756233,0.01937435381114483,0.019351115450263023,0.0,0.0,1.0,-0.05932549387216568,0.06762778013944626,1.0,-0.04896378889679909,0.04888232797384262,0.0,0.0,0.0,0.0,0.2399507313966751,0.23774930834770203,0.0,0.0,0.0,0.0,0.0,0.0,1.0,2.0,5.0,1.0,0.0,1,0.0012919943546876311,0.0008634981932118535,0.00011083133722422644,0.00011698959133354947,0.0006356772501021624,0.00035309483064338565,7.540135266026482e-05,0.0,0.0,1.0,2.00099515914917,1.2143003940582275,1.2292187213897705,20.185802459716797,199.3531494140625,101.25025177001953,125.52387237548828
13600,1.0,1.0,1.0,1.0,1.0,6.61937883705832e-05,7.93849176261574e-05,0.0003773570351768285,6.61937883705832e-05,7.93849176261574e-05,0.0003773570351768285,0.000522935763001442,5.9116478951182216e-05,0.00012333711492829025,5.9116478951182216e-05,0.00012333711492829025,0.00018245360115543008,3.9726990507915616e-05,0.0007451163837686181,0.0,0.0,0.0,0.0,0.0,0.0,0.0,0.000522935763001442,0.00036490720231086016,0.00019863495253957808,0.0,0.0,0.0010864778887480497,1.0,0.0,0.0,0.0,0.07649227231740952,0.07649227231740952,0.044352591037750244,0.044352591037750244,0.018877867609262466,0.018877867609262466,0.0,0.0,0.0,0.4523908495903015,0.4523908495903015,0.0,0.3373973071575165,0.3373973071575165,0.0,0.0,0.0,0.0,0.3527078330516815,0.3527078330516815,0.0,0.0,0.0,0.0,0.0,0.0,1.0,2.0,5.0,1.0,0.0,1,0.00128309172578156,0.0008604885078966618,0.00010576228669378906,0.00011939099931623787,0.0006353352218866348,0.00034727633465081453,7.532691233791411e-05,0.0,0.0,1.0,2.00099515914917,1.2143003940582275,1.2292187213897705,20.185802459716797,199.3531494140625,101.25025177001953,125.52387237548828
13700,1.0,1.0,1.0,1.0,1.0,6.918286817381158e-05,6.802019197493792e-05,0.0003557535819709301,6.918286817381158e-05,6.802019197493792e-05,0.0003557535819709301,0.0004929566057398915,5.6895369198173285e-05,0.00010031888086814433,5.6895369198173285e-05,0.00010031888086814433,0.00015721425006631762,3.5491029848344624e-05,0.0006856618565507233,0.0,0.0,0.0,0.0,0.0,0.0,0.0,0.0004929566057398915,0.00031442850013263524,0.00017745514924172312,0.0,0.0,0.0009848402114585042,1.0,2.0,0.3333333432674408,3.0,0.04658573493361473,0.04586741328239441,0.04312169551849365,0.03750171139836311,0.03264133259654045,0.02838723734021187,0.0,0.0,1.0,-0.17493098974227905,0.17085765302181244,0.0,0.382724404335022,0.3461243510246277,0.0,0.0,0.0,1.0,-0.493630975484848,0.49363088607788086,0.0,0.0,0.0,0.0,0.0,0.0,1.0,2.0,5.0,1.0,0.0,1,0.0012758264783769846,0.0008544703014194965,0.00010540545918047428,0.00011810336582129821,0.0006309614982455969,0.0003456382255535573,7.571792230010033e-05,0.0,0.0,1.0,2.00099515914917,1.2143003940582275,1.2292187213897705,20.185802459716797,199.3531494140625,101.25025177001953,125.52387237548828
13800,1.0,1.0,1.0,1.0,1.0,6.117558950791135e-05,7.139203080441803e-05,0.00037778247497044504,6.117558950791135e-05,7.139203080441803e-05,0.00037778247497044504,0.000510350102558732,6.214903987711295e-05,9.264257823815569e-05,6.214903987711295e-05,9.264257823815569e-05,0.00015479161811526865,3.609346458688378e-05,0.0007012351998127997,0.0,0.0,0.0,0.0,0.0,0.0,0.0,0.000510350102558732,0.0003095832362305373,0.00018046732293441892,0.0,0.0,0.0010004006326198578,1.0,3.0,0.5,6.0,0.020131120458245277,0.0196529608219862,0.031037721782922745,0.03025280125439167,0.01607227884232998,0.016039466485381126,0.0,0.0,1.0,-0.2147708386182785,0.21437478065490723,1.0,-0.01598060503602028,0.015533090569078922,0.0,0.0,0.0,1.0,-0.05840112641453743,0.05686192214488983,0.0,0.0,0.0,0.0,0.0,0.0,1.0,2.0,5.0,1.0,0.0,1,0.0012777255615219474,0.0008535049855709076,0.00010501022188691422,0.0001266831677639857,0.0006218116031959653,0.00035069219302386045,7.352839020313695e-05,0.0,0.0,1.0,2.00099515914917,1.2143003940582275,1.2292187213897705,20.185802459716797,199.3531494140625,101.25025177001953,125.52387237548828
13900,1.0,1.0,1.0,1.0,1.0,5.998791311867535e-05,6.677338387817144e-05,0.0003423698653932661,5.998791311867535e-05,6.677338387817144e-05,0.0003423698653932661,0.0004691311623901129,5.7031706091947854e-05,0.00011360598728060722,5.7031706091947854e-05,0.00011360598728060722,0.00017063769337255508,3.7597019399981946e-05,0.0006773658678866923,0.0,0.0,0.0,0.0,0.0,0.0,0.0,0.0004691311623901129,0.00034127538674511015,0.00018798510427586734,0.0,0.0,0.0009983916534110904,1.0,1.0,0.1666666716337204,2.0,0.021303754299879074,0.02101450227200985,0.05293218418955803,0.05221349745988846,0.023277558386325836,0.023277558386325836,0.0,0.0,1.0,-0.16422726213932037,0.16422723233699799,0.0,0.08285946398973465,0.09054386615753174,0.0,0.0,0.0,0.0,0.03930557519197464,0.053641658276319504,0.0,0.0,0.0,0.0,0.0,0.0,1.0,2.0,5.0,1.0,0.0,1,0.0012571391416713595,0.0008424918632954359,0.00010547912097536027,0.00011328139225952327,0.0006237313500605524,0.00034280799445696175,7.183927664300427e-05,0.0,0.0,1.0,2.00099515914917,1.2143003940582275,1.2292187213897705,20.185802459716797,199.3531494140625,101.25025177001953,125.52387237548828
14000,1.0,1.0,1.0,1.0,1.0,6.682441744487733e-05,7.949484279379249e-05,0.0003751468029804528,6.682441744487733e-05,7.949484279379249e-05,0.0003751468029804528,0.0005214660777710378,6.31797083769925e-05,9.897613199427724e-05,6.31797083769925e-05,9.897613199427724e-05,0.00016215583309531212,3.59728692274075e-05,0.000719594769179821,0.0,0.0,0.0,0.0,0.0,0.0,0.0,0.0005214660777710378,0.00032431166619062424,0.0001798643497750163,0.0,0.0,0.0010256420355290174,1.0,0.0,0.0,0.0,0.03154199197888374,0.03154199197888374,0.03490995988249779,0.03490995988249779,0.015582423657178879,0.015582423657178879,0.0,0.0,0.0,0.3025777339935303,0.3025777339935303,0.0,0.20802977681159973,0.20802977681159973,0.0,0.0,0.0,0.0,0.1926509290933609,0.1926509290933609,0.0,0.0,0.0,0.0,0.0,0.0,1.0,2.0,5.0,1.0,0.0,1,0.0012498305877670646,0.0008360123028978705,0.00010913964069914073,0.00010996793571393937,0.0006169047555886209,0.00034238939406350255,7.142883987398818e-05,0.0,0.0,1.0,2.00099515914917,1.2143003940582275,1.2292187213897705,20.185802459716797,199.3531494140625,101.25025177001953,125.52387237548828
14100,1.0,1.0,1.0,1.0,1.0,6.620315252803266e-05,7.22557888366282e-05,0.0003233328752685338,6.620315252803266e-05,7.22557888366282e-05,0.0003233328752685338,0.0004617918166331947,5.819284342578612e-05,0.00010969856521114707,5.819284342578612e-05,0.00010969856521114707,0.000167891412274912,3.6592660762835294e-05,0.0006662759114988148,0.0,0.0,0.0,0.0,0.0,0.0,0.0,0.0004617918166331947,0.000335782824549824,0.00018296329653821886,0.0,0.0,0.000980537966825068,1.0,0.0,0.0,0.0,0.039637889713048935,0.039637889713048935,0.06124500930309296,0.06124500930309296,0.024296369403600693,0.024296369403600693,0.0,0.0,0.0,0.5437236428260803,0.5437236428260803,0.0,0.34635239839553833,0.34635239839553833,0.0,0.0,0.0,0.0,0.3741302192211151,0.3741302192211151,0.0,0.0,0.0,0.0,0.0,0.0,1.0,2.0,5.0,1.0,0.0,1,0.001236800802871585,0.0008316907333210111,0.00010408966045361012,0.00011281797924311832,0.000614783086348325,0.0003324330609757453,7.267699402291328e-05,0.0,0.0,1.0,2.00099515914917,1.2143003940582275,1.2292187213897705,20.185802459716797,199.3531494140625,101.25025177001953,125.52387237548828
14200,1.0,1.0,1.0,1.0,1.0,7.135365740396082e-05,6.692020542686805e-05,0.00037407397758215666,7.135365740396082e-05,6.692020542686805e-05,0.00037407397758215666,0.0005123478476889431,4.9986279918812215e-05,9.617058094590902e-05,4.9986279918812215e-05,9.617058094590902e-05,0.00014615686086472124,3.278529766248539e-05,0.0006912900134921074,0.0,0.0,0.0,0.0,0.0,0.0,0.0,0.0005123478476889431,0.0002923137217294425,0.00016392648103646934,0.0,0.0,0.000968588050454855,1.0,2.0,0.3333333432674408,4.0,0.04993419349193573,0.0494174025952816,0.019630953669548035,0.019424179568886757,0.019318008795380592,0.019290819764137268,0.0,0.0,1.0,-0.14349831640720367,0.14329789578914642,0.0,0.16602063179016113,0.16029196977615356,0.0,0.0,0.0,1.0,-0.05303796008229256,0.07512131333351135,0.0,0.0,0.0,0.0,0.0,0.0,1.0,2.0,5.0,1.0,0.0,1,0.0012407058384269476,0.0008249750244431198,0.00010480308264959604,0.0001136113132815808,0.0006065606139600277,0.00034454831620678306,7.118244684534147e-05,0.0,0.0,1.0,2.00099515914917,1.2143003940582275,1.2292187213897705,20.185802459716797,199.3531494140625,101.25025177001953,125.52387237548828
14300,1.0,1.0,1.0,1.0,1.0,6.72093010507524e-05,7.438338798237965e-05,0.00033888319740071893,6.72093010507524e-05,7.438338798237965e-05,0.00033888319740071893,0.0004804758937098086,5.44533395441249e-05,0.00010424236097605899,5.44533395441249e-05,0.00010424236097605899,0.0001586957077961415,3.8414094888139516e-05,0.0006775856600143015,0.0,0.0,0.0,0.0,0.0,0.0,0.0,0.0004804758937098086,0.000317391415592283,0.00019207046716473997,0.0,0.0,0.000989937805570662,1.0,1.0,0.1666666716337204,2.0,0.087276391685009,0.08630120009183884,0.04479916766285896,0.04479916766285896,0.020959777757525444,0.02072557993233204,0.0,0.0,0.0,0.005721750669181347,0.04977748915553093,1.0,-0.1490720957517624,0.1490720957517624,0.0,0.0,0.0,0.0,0.2918020784854889,0.29596203565597534,0.0,0.0,0.0,0.0,0.0,0.0,1.0,2.0,5.0,1.0,0.0,1,0.0012130552204325795,0.0008241051691584289,0.0001073636522050947,0.00011593716772040352,0.0006008043419569731,0.00031788149499334395,7.106854172889143e-05,0.0,0.0,1.0,2.00099515914917,1.2143003940582275,1.2292187213897705,20.185802459716797,199.3531494140625,101.25025177001953,125.52387237548828
14400,1.0,1.0,1.0,1.0,1.0,6.58215576549992e-05,6.624977686442435e-05,0.00033225235529243946,6.58215576549992e-05,6.624977686442435e-05,0.00033225235529243946,0.0004643236752599478,5.6009444961091504e-05,8.652616088511422e-05,5.6009444961091504e-05,8.652616088511422e-05,0.00014253560220822692,3.160263440804556e-05,0.0006384619046002626,0.0,0.0,0.0,0.0,0.0,0.0,0.0,0.0004643236752599478,0.00028507120441645384,0.00015801316476427019,0.0,0.0,0.0009074080735445023,1.0,0.0,0.0,0.0,0.05221812427043915,0.05221812427043915,0.060689616948366165,0.060689616948366165,0.014881722629070282,0.014881722629070282,0.0,0.0,0.0,0.38291019201278687,0.38291019201278687,0.0,0.0391194187104702,0.0391194187104702,0.0,0.0,0.0,0.0,0.17213751375675201,0.17213751375675201,0.0,0.0,0.0,0.0,0.0,0.0,1.0,2.0,5.0,1.0,0.0,1,0.0011956302914768457,0.0008056942606344819,0.00010068897245218977,0.00010894477600231767,0.0005960604758001864,0.0003183523949701339,7.158370135584846e-05,0.0,0.0,1.0,2.00099515914917,1.2143003940582275,1.2292187213897705,20.185802459716797,199.3531494140625,101.25025177001953,125.52387237548828
14500,1.0,1.0,1.0,1.0,1.0,6.600074266316369e-05,5.8847363106906414e-05,0.00038407588726840913,6.600074266316369e-05,5.8847363106906414e-05,0.00038407588726840913,0.0005089240148663521,6.168451363919303e-05,9.711053280625492e-05,6.168451363919303e-05,9.711053280625492e-05,0.00015879503916949034,3.311922409920953e-05,0.0007008382817730308,0.0,0.0,0.0,0.0,0.0,0.0,0.0,0.0005089240148663521,0.0003175900783389807,0.00016559612413402647,0.0,0.0,0.0009921102318912745,1.0,2.0,0.3333333432674408,4.0,0.044359058141708374,0.04182896018028259,0.02522554248571396,0.024482088163495064,0.028764521703124046,0.026743680238723755,0.0,0.0,0.0,0.25130218267440796,0.18693487346172333,1.0,-0.3328970670700073,0.36833056807518005,0.0,0.0,0.0,1.0,-0.2409893125295639,0.22734755277633667,0.0,0.0,0.0,0.0,0.0,0.0,1.0,2.0,5.0,1.0,0.0,1,0.0011932021006941795,0.0008022530237212777,0.00010385625500930473,0.00010927776747848839,0.0005891190376132727,0.00032261066371575,6.833835504949093e-05,0.0,0.0,1.0,2.00099515914917,1.2143003940582275,1.2292187213897705,20.185802459716797,199.3531494140625,101.25025177001953,125.52387237548828
14600,1.0,1.0,1.0,1.0,1.0,5.9476038586581126e-05,6.796904926886782e-05,0.00033007297315634787,5.9476038586581126e-05,6.796904926886782e-05,0.00033007297315634787,0.0004575180646497756,6.706254498567432e-05,9.170255361823365e-05,6.706254498567432e-05,9.170255361823365e-05,0.00015876509132795036,3.2118397939484566e-05,0.0006484015611931682,0.0,0.0,0.0,0.0,0.0,0.0,0.0,0.0004575180646497756,0.0003175301826559007,0.00016059199697338045,0.0,0.0,0.0009356403024867177,1.0,0.0,0.0,0.0,0.029235638678073883,0.029235638678073883,0.031300969421863556,0.031300969421863556,0.02859073504805565,0.02859073504805565,0.0,0.0,0.0,0.0673835426568985,0.0673835426568985,0.0,0.15772008895874023,0.15772008895874023,0.0,0.0,0.0,0.0,0.5357767939567566,0.5357767939567566,0.0,0.0,0.0,0.0,0.0,0.0,1.0,2.0,5.0,1.0,0.0,1,0.00118692044634372,0.000807474716566503,0.00010835733701242134,0.00010818876762641594,0.0005909285973757505,0.00031257557566277683,6.687007407890633e-05,0.0,0.0,1.0,2.00099515914917,1.2143003940582275,1.2292187213897705,20.185802459716797,199.3531494140625,101.25025177001953,125.52387237548828
14700,1.0,1.0,1.0,1.0,1.0,8.859040099196136e-05,5.981017238809727e-05,0.00034764863085001707,8.859040099196136e-05,5.981017238809727e-05,0.00034764863085001707,0.000496049178764224,6.37642660876736e-05,8.625363989267498e-05,6.37642660876736e-05,8.625363989267498e-05,0.0001500179059803486,3.150921838823706e-05,0.0006775762885808945,0.0,0.0,0.0,0.0,0.0,0.0,0.0,0.000496049178764224,0.0003000358119606972,0.0001575460919411853,0.0,0.0,0.0009536310681141913,1.0,0.0,0.0,0.0,0.11105901002883911,0.11105901002883911,0.04881199076771736,0.04881199076771736,0.012622910551726818,0.012622910551726818,0.0,0.0,0.0,0.20638151466846466,0.20638151466846466,0.0,0.09830974787473679,0.09830974787473679,0.0,0.0,0.0,0.0,0.0703333392739296,0.0703333392739296,0.0,0.0,0.0,0.0,0.0,0.0,1.0,2.0,5.0,1.0,0.0,1,0.0011864148546010256,0.0008128570043481886,0.00011002137034665793,0.00011455252388259396,0.0005882831173948944,0.00030707442783750594,6.648334965575486e-05,0.0,0.0,1.0,2.00099515914917,1.2143003940582275,1.2292187213897705,20.185802459716797,199.3531494140625,101.25025177001953,125.52387237548828
14800,1.0,1.0,1.0,1.0,1.0,7.155931962188333e-05,7.651808846276253e-05,0.0003509147500153631,7.155931962188333e-05,7.651808846276253e-05,0.0003509147500153631,0.000498992158100009,5.326122845872305e-05,8.948868344305083e-05,5.326122845872305e-05,8.948868344305083e-05,0.00014274990826379508,3.13087621179875e-05,0.0006730508175678551,0.0,0.0,0.0,0.0,0.0,0.0,0.0,0.000498992158100009,0.00028549981652759016,0.0001565438142279163,0.0,0.0,0.0009410358034074306,1.0,1.0,0.1666666716337204,2.0,0.04782545939087868,0.047312960028648376,0.038491517305374146,0.038491517305374146,0.020745644345879555,0.020523330196738243,0.0,0.0,0.0,0.10026972740888596,0.1476811021566391,1.0,-0.14600436389446259,0.14600437879562378,0.0,0.0,0.0,0.0,0.31388646364212036,0.332084983587265,0.0,0.0,0.0,0.0,0.0,0.0,1.0,2.0,5.0,1.0,0.0,1,0.0011706320801749825,0.0007905729580670595,0.0001031400024658069,0.00010791466775117442,0.0005795183242298663,0.0003155921003781259,6.44670071778819e-05,0.0,0.0,1.0,2.00099515914917,1.2143003940582275,1.2292187213897705,20.185802459716797,199.3531494140625,101.25025177001953,125.52387237548828
14900,1.0,1.0,1.0,1.0,1.0,5.422721733339131e-05,6.88899599481374e-05,0.00030560389859601855,5.422721733339131e-05,6.88899599481374e-05,0.00030560389859601855,0.00042872107587754726,5.87314207223244e-05,8.807746053207666e-05,5.87314207223244e-05,8.807746053207666e-05,0.00014680888853035867,3.373040817677975e-05,0.0006092604016885161,0.0,0.0,0.0,0.0,0.0,0.0,0.0,0.00042872107587754726,0.00029361777706071734,0.00016865204088389874,0.0,0.0,0.0008909908938221633,1.0,1.0,0.1666666716337204,2.0,0.038608185946941376,0.03783655911684036,0.0439729206264019,0.0439729206264019,0.026119854301214218,0.025597821921110153,0.0,0.0,0.0,0.11321456730365753,0.2226901650428772,1.0,-0.19892872869968414,0.19892875850200653,0.0,0.0,0.0,0.0,0.5279525518417358,0.5617002844810486,0.0,0.0,0.0,0.0,0.0,0.0,1.0,2.0,5.0,1.0,0.0,1,0.0011643808102235198,0.000796083128079772,0.00010381598985986784,0.00011020568490494043,0.0005820614169351757,0.00030488273478113115,6.341494736261666e-05,0.0,0.0,1.0,2.00099515914917,1.2143003940582275,1.2292187213897705,20.185802459716797,199.3531494140625,101.25025177001953,125.52387237548828
15000,1.0,1.0,1.0,1.0,1.0,6.413532537408173e-05,7.003141945460811e-05,0.0003284599515609443,6.413532537408173e-05,7.003141945460811e-05,0.0003284599515609443,0.00046262668911367655,5.579513526754454e-05,8.359390631085262e-05,5.579513526754454e-05,8.359390631085262e-05,0.00013938904157839715,2.987352490890771e-05,0.0006318892701528966,0.0,0.0,0.0,0.0,0.0,0.0,0.0,0.00046262668911367655,0.0002787780831567943,0.00014936762454453856,0.0,0.0,0.0008907723822630942,1.0,2.0,0.3333333432674408,3.0,0.06357881426811218,0.06300605833530426,0.04965422675013542,0.047507211565971375,0.017341487109661102,0.01659165509045124,0.0,0.0,1.0,-0.13392607867717743,0.13053104281425476,0.0,0.46443575620651245,0.4487513601779938,0.0,0.0,0.0,1.0,-0.2908761501312256,0.2908761501312256,0.0,0.0,0.0,0.0,0.0,0.0,1.0,2.0,5.0,1.0,0.0,1,0.0011485604336485267,0.000783184717874974,9.812669304665178e-05,0.00010978765203617513,0.0005752703873440623,0.00030217593302950263,6.319981184788048e-05,0.0,0.0,1.0,2.00099515914917,1.2143003940582275,1.2292187213897705,20.185802459716797,199.3531494140625,101.25025177001953,125.52387237548828
15100,1.0,1.0,1.0,1.0,1.0,5.7017794460989535e-05,6.529963866341859e-05,0.0003026223857887089,5.7017794460989535e-05,6.529963866341859e-05,0.0003026223857887089,0.00042493981891311705,5.438096559373662e-05,7.905630627647042e-05,5.438096559373662e-05,7.905630627647042e-05,0.00013343727914616466,3.072222170885652e-05,0.0005890993634238839,0.0,0.0,0.0,0.0,0.0,0.0,0.0,0.00042493981891311705,0.0002668745582923293,0.00015361110854428262,0.0,0.0,0.0008454254711978137,1.0,1.0,0.1666666716337204,2.0,0.05348163843154907,0.053217533975839615,0.0217345729470253,0.0217345729470253,0.027997735887765884,0.027859477326273918,0.0,0.0,0.0,0.17493243515491486,0.21632933616638184,1.0,-0.09925791621208191,0.09925791621208191,0.0,0.0,0.0,0.0,0.406301349401474,0.42576727271080017,0.0,0.0,0.0,0.0,0.0,0.0,1.0,2.0,5.0,1.0,0.0,1,0.0011758985929191113,0.0007948812562972307,0.00010199889220530167,0.0001206208107760176,0.0005722615751437843,0.0003159260959364474,6.509134982479736e-05,0.0,0.0,1.0,2.00099515914917,1.2143003940582275,1.2292187213897705,20.185802459716797,199.3531494140625,101.25025177001953,125.52387237548828
15200,1.0,1.0,1.0,1.0,1.0,7.244855805765837e-05,7.060491770971566e-05,0.0003145361552014947,7.244855805765837e-05,7.060491770971566e-05,0.0003145361552014947,0.00045758963096886873,5.577165211434476e-05,8.315527520608157e-05,5.577165211434476e-05,8.315527520608157e-05,0.00013892693095840514,3.2433203159598634e-05,0.0006289497250691056,0.0,0.0,0.0,0.0,0.0,0.0,0.0,0.00045758963096886873,0.0002778538619168103,0.00016216601943597198,0.0,0.0,0.000897609512321651,1.0,0.0,0.0,0.0,0.06263963133096695,0.06263963133096695,0.023408444598317146,0.023408444598317146,0.020670095458626747,0.020670095458626747,0.0,0.0,0.0,0.4770371913909912,0.4770371913909912,0.0,0.299872487783432,0.299872487783432,0.0,0.0,0.0,0.0,0.25378838181495667,0.25378838181495667,0.0,0.0,0.0,0.0,0.0,0.0,1.0,2.0,5.0,1.0,0.0,1,0.0011456951033324003,0.0007790258387103677,0.00010248126636724919,0.00011175757390446961,0.0005647870129905641,0.00030307163251563907,6.359771214192733e-05,0.0,0.0,1.0,2.00099515914917,1.2143003940582275,1.2292187213897705,20.185802459716797,199.3531494140625,101.25025177001953,125.52387237548828
15300,1.0,1.0,1.0,1.0,1.0,6.0741789638996124e-05,6.277997454162687e-05,0.00030042167054489255,6.0741789638996124e-05,6.277997454162687e-05,0.00030042167054489255,0.00042394344927743077,6.183809455251321e-05,8.391602750634775e-05,6.183809455251321e-05,8.391602750634775e-05,0.00014575412205886096,3.0102783057373017e-05,0.0005998003762215376,0.0,0.0,0.0,0.0,0.0,0.0,0.0,0.00042394344927743077,0.0002915082441177219,0.0001505139225628227,0.0,0.0,0.0008659656159579754,1.0,0.0,0.0,0.0,0.05685729533433914,0.05685729533433914,0.04178360104560852,0.04178360104560852,0.017423801124095917,0.017423801124095917,0.0,0.0,0.0,0.47629979252815247,0.47629979252815247,0.0,0.07383058220148087,0.07383058220148087,0.0,0.0,0.0,0.0,0.06591310352087021,0.06591310352087021,0.0,0.0,0.0,0.0,0.0,0.0,1.0,2.0,5.0,1.0,0.0,1,0.0011254779528826475,0.0007652166532352567,9.896571282297373e-05,0.0001093986356863752,0.000556852319277823,0.0002986085892189294,6.165276863612235e-05,0.0,0.0,1.0,2.00099515914917,1.2143003940582275,1.2292187213897705,20.185802459716797,199.3531494140625,101.25025177001953,125.52387237548828
15400,1.0,1.0,1.0,1.0,1.0,7.106325938366354e-05,6.292513717198744e-05,0.00033320020884275436,7.106325938366354e-05,6.292513717198744e-05,0.00033320020884275436,0.00046718859812244773,5.577013871516101e-05,9.335033973911777e-05,5.577013871516101e-05,9.335033973911777e-05,0.00014912047481629997,2.975500319735147e-05,0.0006460640579462051,0.0,0.0,0.0,0.0,0.0,0.0,0.0,0.00046718859812244773,0.00029824094963259995,0.00014877501234877855,0.0,0.0,0.0009142045746557415,1.0,1.0,0.1666666716337204,2.0,0.06439552456140518,0.06428607553243637,0.03781713917851448,0.03781713917851448,0.010194317437708378,0.010176991112530231,0.0,0.0,0.0,0.050676845014095306,0.05650891363620758,1.0,-0.05827845633029938,0.05827844887971878,0.0,0.0,0.0,0.0,0.09842440485954285,0.10155037045478821,0.0,0.0,0.0,0.0,0.0,0.0,1.0,2.0,5.0,1.0,0.0,1,0.001131651340983808,0.0007698503322899342,0.00011067713785450906,0.00010374378325650468,0.0005554294330067933,0.00030139501905068755,6.040594962541945e-05,0.0,0.0,1.0,2.00099515914917,1.2143003940582275,1.2292187213897705,20.185802459716797,199.3531494140625,101.25025177001953,125.52387237548828
15500,1.0,1.0,1.0,1.0,1.0,6.0675054555758834e-05,6.116301665315405e-05,0.00031982376822270453,6.0675054555758834e-05,6.116301665315405e-05,0.00031982376822270453,0.0004416618321556598,5.29333992744796e-05,8.212891407310963e-05,5.29333992744796e-05,8.212891407310963e-05,0.00013506232062354684,2.603028406156227e-05,0.000602754473220557,0.0,0.0,0.0,0.0,0.0,0.0,0.0,0.0004416618321556598,0.0002701246412470937,0.00013015142758376896,0.0,0.0,0.0008419378427788615,1.0,2.0,0.3333333432674408,4.0,0.02440258488059044,0.023782938718795776,0.041784606873989105,0.04147525876760483,0.02125680260360241,0.020703990012407303,0.0,0.0,0.0,0.3879842460155487,0.37294843792915344,1.0,-0.22392113506793976,0.23720498383045197,0.0,0.0,0.0,1.0,-0.12145773321390152,0.118803970515728,0.0,0.0,0.0,0.0,0.0,0.0,1.0,2.0,5.0,1.0,0.0,1,0.0011029468150809407,0.0007492729928344488,9.948034130502492e-05,0.00010444322106195614,0.0005453494377434254,0.0002914871438406408,6.218656926648691e-05,0.0,0.0,1.0,2.00099515914917,1.2143003940582275,1.2292187213897705,20.185802459716797,199.3531494140625,101.25025177001953,125.52387237548828
15600,1.0,1.0,1.0,1.0,1.0,6.733850023010746e-05,6.339477840811014e-05,0.0003067295765504241,6.733850023010746e-05,6.339477840811014e-05,0.0003067295765504241,0.0004374628479126841,6.0629969084402546e-05,8.527487807441503e-05,6.0629969084402546e-05,8.527487807441503e-05,0.00014590485079679638,3.094431303907186e-05,0.0006143120117485523,0.0,0.0,0.0,0.0,0.0,0.0,0.0,0.0004374628479126841,0.00029180970159359276,0.0001547215651953593,0.0,0.0,0.0008839941001497209,1.0,0.0,0.0,0.0,0.036666806787252426,0.036666806787252426,0.05092472955584526,0.05092472955584526,0.02103453315794468,0.02103453315794468,0.0,0.0,0.0,0.09793034940958023,0.09793034940958023,0.0,0.010226055048406124,0.010226055048406124,0.0,0.0,0.0,0.0,0.11361043155193329,0.11361043155193329,0.0,0.0,0.0,0.0,0.0,0.0,1.0,2.0,5.0,1.0,0.0,1,0.0010976481717079878,0.0007503147353418171,9.561932529322803e-05,0.00010597988875815645,0.0005487155285663903,0.0002884516434278339,5.888184387004003e-05,0.0,0.0,1.0,2.00099515914917,1.2143003940582275,1.2292187213897705,20.185802459716797,199.3531494140625,101.25025177001953,125.52387237548828
15700,1.0,1.0,1.0,1.0,1.0,7.651175110368058e-05,5.4654577979817986e-05,0.0003039353177882731,7.651175110368058e-05,5.4654577979817986e-05,0.0003039353177882731,0.0004351016541477293,5.378944115363993e-05,8.986332250060514e-05,5.378944115363993e-05,8.986332250060514e-05,0.00014365276729222387,2.7229300030739978e-05,0.0006059837178327143,0.0,0.0,0.0,0.0,0.0,0.0,0.0,0.0004351016541477293,0.00028730553458444774,0.00013614649651572108,0.0,0.0,0.0008585536852478981,1.0,1.0,0.1666666716337204,2.0,0.07624710351228714,0.07624710351228714,0.040093161165714264,0.03927849978208542,0.012117668986320496,0.01187144871801138,0.0,0.0,0.0,0.07468850165605545,0.100508913397789,0.0,0.11855709552764893,0.13630646467208862,0.0,0.0,0.0,1.0,-0.20056287944316864,0.20056283473968506,0.0,0.0,0.0,0.0,0.0,0.0,1.0,2.0,5.0,1.0,0.0,1,0.001091790501959622,0.0007470813579857349,0.00010176107753068209,0.00010141703387489542,0.0005439032102003694,0.0002862210967577994,5.848809814779088e-05,0.0,0.0,1.0,2.00099515914917,1.2143003940582275,1.2292187213897705,20.185802459716797,199.3531494140625,101.25025177001953,125.52387237548828
15800,1.0,1.0,1.0,1.0,1.0,6.100230530137196e-05,5.5528522352688015e-05,0.0002697139570955187,6.100230530137196e-05,5.5528522352688015e-05,0.0002697139570955187,0.0003862447920255363,5.3007555834483355e-05,8.136883843690157e-05,5.3007555834483355e-05,8.136883843690157e-05,0.00013437640154734254,3.227029083063826e-05,0.0005528914625756443,0.0,0.0,0.0,0.0,0.0,0.0,0.0,0.0003862447920255363,0.0002687528030946851,0.0001613514614291489,0.0,0.0,0.0008163490565493703,1.0,2.0,0.3333333432674408,4.0,0.04440808296203613,0.044012874364852905,0.03211023658514023,0.031931765377521515,0.03719938173890114,0.036878280341625214,0.0,0.0,1.0,-0.10528656095266342,0.1434764564037323,1.0,-0.131107360124588,0.13053226470947266,0.0,0.0,0.0,0.0,0.4716120958328247,0.46437543630599976,0.0,0.0,0.0,0.0,0.0,0.0,1.0,2.0,5.0,1.0,0.0,1,0.0010840992908924818,0.0007404634961858392,9.6109215519391e-05,0.00010222517448710278,0.0005421290989033878,0.00028468601522035897,5.8949772210326046e-05,0.0,0.0,1.0,2.00099515914917,1.2143003940582275,1.2292187213897705,20.185802459716797,199.3531494140625,101.25025177001953,125.52387237548828
15900,1.0,1.0,1.0,1.0,1.0,5.318472904036753e-05,5.743218571296893e-05,0.0002692766720429063,5.318472904036753e-05,5.743218571296893e-05,0.0002692766720429063,0.00037989357952028513,5.1138060371158645e-05,7.035095040919259e-05,5.1138060371158645e-05,7.035095040919259e-05,0.00012148900714237243,2.6633410016074777e-05,0.0005280160112306476,0.0,0.0,0.0,0.0,0.0,0.0,0.0,0.00037989357952028513,0.00024297801428474486,0.00013316705008037388,0.0,0.0,0.000756038585677743,1.0,0.0,0.0,0.0,0.033617667853832245,0.033617667853832245,0.027811771258711815,0.027811771258711815,0.022133123129606247,0.022133123129606247,0.0,0.0,0.0,0.09179303050041199,0.09179303050041199,0.0,0.2151443362236023,0.2151443362236023,0.0,0.0,0.0,0.0,0.2825601100921631,0.2825601100921631,0.0,0.0,0.0,0.0,0.0,0.0,1.0,2.0,5.0,1.0,0.0,1,0.0010781158925965428,0.0007373463013209403,9.51319671003148e-05,0.00010143308463739231,0.0005407812423072755,0.000282213935861364,5.855560812051408e-05,0.0,0.0,1.0,2.00099515914917,1.2143003940582275,1.2292187213897705,20.185802459716797,199.3531494140625,101.25025177001953,125.52387237548828
16000,1.0,1.0,1.0,1.0,1.0,5.7939309044741094e-05,5.9573547332547605e-05,0.00028152024606242776,5.7939309044741094e-05,5.9573547332547605e-05,0.00028152024606242776,0.00039903310243971646,4.930256909574382e-05,8.564666495658457e-05,4.930256909574382e-05,8.564666495658457e-05,0.0001349492376903072,2.689286156964954e-05,0.0005608752253465354,0.0,0.0,0.0,0.0,0.0,0.0,0.0,0.00039903310243971646,0.0002698984753806144,0.0001344643096672371,0.0,0.0,0.0008033958729356527,1.0,0.0,0.0,0.0,0.031070511788129807,0.031070511788129807,0.05258691683411598,0.05258691683411598,0.012880665250122547,0.012880665250122547,0.0,0.0,0.0,0.37243419885635376,0.37243419885635376,0.0,0.12781883776187897,0.12781883776187897,0.0,0.0,0.0,0.0,0.1165325939655304,0.1165325939655304,0.0,0.0,0.0,0.0,0.0,0.0,1.0,2.0,5.0,1.0,0.0,1,0.0010715820826590061,0.0007334357942454517,9.543962369207293e-05,0.00010152019240194932,0.0005364759708754718,0.00028121736249886453,5.692889681085944e-05,0.0,0.0,1.0,2.00099515914917,1.2143003940582275,1.2292187213897705,20.185802459716797,199.3531494140625,101.25025177001953,125.52387237548828
16100,1.0,1.0,1.0,1.0,1.0,6.012181256664917e-05,6.449369539041072e-05,0.00030267919646576047,6.012181256664917e-05,6.449369539041072e-05,0.00030267919646576047,0.00042729469714686275,5.543664883589372e-05,7.858394383220002e-05,5.543664883589372e-05,7.858394383220002e-05,0.00013402059266809374,2.550969111325685e-05,0.0005868249572813511,0.0,0.0,0.0,0.0,0.0,0.0,0.0,0.00042729469714686275,0.0002680411853361875,0.00012754845374729484,0.0,0.0,0.0008228843798860908,1.0,0.0,0.0,0.0,0.05962303280830383,0.05962303280830383,0.057635385543107986,0.057635385543107986,0.03209308907389641,0.03209308907389641,0.0,0.0,0.0,0.5063462853431702,0.5063462853431702,0.0,0.07547706365585327,0.07547706365585327,0.0,0.0,0.0,0.0,0.40895330905914307,0.40895330905914307,0.0,0.0,0.0,0.0,0.0,0.0,1.0,2.0,5.0,1.0,0.0,1,0.00106793362647295,0.0007304047467187047,9.900704026222229e-05,9.994536958402023e-05,0.0005314523004926741,0.000279640662483871,5.788825365016237e-05,0.0,0.0,1.0,2.00099515914917,1.2143003940582275,1.2292187213897705,20.185802459716797,199.3531494140625,101.25025177001953,125.52387237548828
16200,1.0,1.0,1.0,1.0,1.0,6.240641232579947e-05,6.881424633320421e-05,0.00030764954863116145,6.240641232579947e-05,6.881424633320421e-05,0.00030764954863116145,0.00043887022184208035,5.280281766317785e-05,7.180763350334018e-05,5.280281766317785e-05,7.180763350334018e-05,0.00012461045116651803,2.7254005544818938e-05,0.0005907346494495869,0.0,0.0,0.0,0.0,0.0,0.0,0.0,0.00043887022184208035,0.00024922090233303607,0.0001362700277240947,0.0,0.0,0.0008243611664511263,1.0,0.0,0.0,0.0,0.07316204160451889,0.07316204160451889,0.049220822751522064,0.049220822751522064,0.03312189504504204,0.03312189504504204,0.0,0.0,0.0,0.16547232866287231,0.16547232866287231,0.0,0.30302730202674866,0.30302730202674866,0.0,0.0,0.0,0.0,0.5374568700790405,0.5374568700790405,0.0,0.0,0.0,0.0,0.0,0.0,1.0,2.0,5.0,1.0,0.0,1,0.001060033100657165,0.0007232070784084499,0.00010092820593854412,0.00010126193228643388,0.0005210169474594295,0.0002801257651299238,5.6700242566876113e-05,0.0,0.0,1.0,2.00099515914917,1.2143003940582275,1.2292187213897705,20.185802459716797,199.3531494140625,101.25025177001953,125.52387237548828
16300,1.0,1.0,1.0,1.0,1.0,6.053250763216056e-05,5.649125523632392e-05,0.0003014782560057938,6.053250763216056e-05,5.649125523632392e-05,0.0003014782560057938,0.0004185020225122571,4.7690478822914883e-05,7.278969860635698e-05,4.7690478822914883e-05,7.278969860635698e-05,0.00012048018106725067,2.580677391961217e-05,0.0005647889920510352,0.0,0.0,0.0,0.0,0.0,0.0,0.0,0.0004185020225122571,0.00024096036213450134,0.00012903386959806085,0.0,0.0,0.0007884962833486497,1.0,0.0,0.0,0.0,0.03944172337651253,0.03944172337651253,0.03695451095700264,0.03695451095700264,0.03726254776120186,0.03726254776120186,0.0,0.0,0.0,0.013648128136992455,0.013648128136992455,0.0,0.3368130922317505,0.3368130922317505,0.0,0.0,0.0,0.0,0.017096510156989098,0.017096510156989098,0.0,0.0,0.0,0.0,0.0,0.0,1.0,2.0,5.0,1.0,0.0,1,0.0010523146484047174,0.0007294308161363006,0.0001003450743155554,0.00010693330114008859,0.0005221524625085294,0.0002682782360352576,5.460555257741362e-05,0.0,0.0,1.0,2.00099515914917,1.2143003940582275,1.2292187213897705,20.185802459716797,199.3531494140625,101.25025177001953,125.52387237548828
16400,1.0,1.0,1.0,1.0,1.0,5.652324762195349e-05,6.0067977756261826e-05,0.00030366319697350264,5.652324762195349e-05,6.0067977756261826e-05,0.00030366319697350264,0.00042025442235171795,5.122543007018976e-05,7.548360008513555e-05,5.122543007018976e-05,7.548360008513555e-05,0.0001267090265173465,2.5347204427816905e-05,0.0005723106442019343,0.0,0.0,0.0,0.0,0.0,0.0,0.0,0.00042025442235171795,0.000253418053034693,0.00012673602032009512,0.0,0.0,0.0008004084811545908,1.0,1.0,0.1666666716337204,2.0,0.040007662028074265,0.03999899700284004,0.030807005241513252,0.030807005241513252,0.03392940014600754,0.03392205387353897,0.0,0.0,0.0,0.11462129652500153,0.12152361124753952,1.0,-0.020808575674891472,0.020808575674891472,0.0,0.0,0.0,0.0,0.3304404616355896,0.3328976631164551,0.0,0.0,0.0,0.0,0.0,0.0,1.0,2.0,5.0,1.0,0.0,1,0.0010360304731875658,0.0007144223200157285,9.859696729108691e-05,9.821829007705674e-05,0.0005176070262677968,0.0002663883788045496,5.521974162547849e-05,0.0,0.0,1.0,2.00099515914917,1.2143003940582275,1.2292187213897705,20.185802459716797,199.3531494140625,101.25025177001953,125.52387237548828
16500,1.0,1.0,1.0,1.0,1.0,5.6434124417137355e-05,5.6045057135634124e-05,0.00028906884836032987,5.6434124417137355e-05,5.6045057135634124e-05,0.00028906884836032987,0.00040154802263714373,4.670666385209188e-05,6.54888353892602e-05,4.670666385209188e-05,6.54888353892602e-05,0.00011219549924135208,2.3353059077635407e-05,0.0005370965227484703,0.0,0.0,0.0,0.0,0.0,0.0,0.0,0.00040154802263714373,0.00022439099848270416,0.00011676529538817704,0.0,0.0,0.000742704258300364,1.0,0.0,0.0,0.0,0.034488894045352936,0.034488894045352936,0.026248319074511528,0.026248319074511528,0.014616024680435658,0.014616024680435658,0.0,0.0,0.0,0.34703734517097473,0.34703734517097473,0.0,0.14017166197299957,0.14017166197299957,0.0,0.0,0.0,0.0,0.12787175178527832,0.12787175178527832,0.0,0.0,0.0,0.0,0.0,0.0,1.0,2.0,5.0,1.0,0.0,1,0.0010329397628083825,0.0007056158501654863,9.300487727159634e-05,9.712808969197795e-05,0.0005154828540980816,0.0002713235735427588,5.600027725449763e-05,0.0,0.0,1.0,2.00099515914917,1.2143003940582275,1.2292187213897705,20.185802459716797,199.3531494140625,101.25025177001953,125.52387237548828
16600,1.0,1.0,1.0,1.0,1.0,7.694148371228948e-05,6.211359868757427e-05,0.0003298612718936056,7.694148371228948e-05,6.211359868757427e-05,0.0003298612718936056,0.0004689163470175117,5.2744202548637986e-05,7.22591721569188e-05,5.2744202548637986e-05,7.22591721569188e-05,0.00012500336742959917,2.5989447749452665e-05,0.0006199091440066695,0.0,0.0,0.0,0.0,0.0,0.0,0.0,0.0004689163470175117,0.00025000673485919833,0.00012994723510928452,0.0,0.0,0.0008488702587783337,1.0,1.0,0.1666666716337204,2.0,0.07152588665485382,0.07152588665485382,0.02972124144434929,0.028837868943810463,0.01757887564599514,0.017056399956345558,0.0,0.0,0.0,0.23018363118171692,0.2918844521045685,0.0,0.21912029385566711,0.28324148058891296,0.0,0.0,0.0,1.0,-0.2419925034046173,0.24199256300926208,0.0,0.0,0.0,0.0,0.0,0.0,1.0,2.0,5.0,1.0,0.0,1,0.0010200083488598466,0.0007013444555923343,9.394928929395974e-05,9.581228368915617e-05,0.0005115828826092184,0.00026438123313710093,5.428265285445377e-05,0.0,0.0,1.0,2.00099515914917,1.2143003940582275,1.2292187213897705,20.185802459716797,199.3531494140625,101.25025177001953,125.52387237548828
16700,1.0,1.0,1.0,1.0,1.0,7.418671157211065e-05,5.428798249340616e-05,0.00023727971711196005,7.418671157211065e-05,5.428798249340616e-05,0.00023727971711196005,0.0003657544148154557,4.42042073700577e-05,7.640363764949143e-05,4.42042073700577e-05,7.640363764949143e-05,0.00012060784501954913,2.5516279492876492e-05,0.0005118785193189979,0.0,0.0,0.0,0.0,0.0,0.0,0.0,0.0003657544148154557,0.00024121569003909826,0.00012758139928337187,0.0,0.0,0.000734551518689841,1.0,2.0,0.3333333432674408,4.0,0.08945559710264206,0.0894518792629242,0.03256777673959732,0.03004447929561138,0.01521800272166729,0.014039062894880772,0.0,0.0,1.0,-0.00911697931587696,0.008410760201513767,0.0,0.013515322469174862,0.010836780071258545,0.0,0.0,0.0,1.0,-0.38592565059661865,0.3859748840332031,0.0,0.0,0.0,0.0,0.0,0.0,1.0,2.0,5.0,1.0,0.0,1,0.0010133422911167145,0.0006968721863813698,9.139187750406563e-05,9.91202105069533e-05,0.0005063600838184357,0.0002629077644087374,5.3562318498734385e-05,0.0,0.0,1.0,2.00099515914917,1.2143003940582275,1.2292187213897705,20.185802459716797,199.3531494140625,101.25025177001953,125.52387237548828
16800,1.0,1.0,1.0,1.0,1.0,6.059551378712058e-05,5.886708095204085e-05,0.00029872223967686296,6.059551378712058e-05,5.886708095204085e-05,0.00029872223967686296,0.0004181848489679396,5.2342838898766786e-05,7.521082443417981e-05,5.2342838898766786e-05,7.521082443417981e-05,0.0001275536633329466,2.5887027732096612e-05,0.0005716255400329828,0.0,0.0,0.0,0.0,0.0,0.0,0.0,0.0004181848489679396,0.0002551073266658932,0.00012943513866048306,0.0,0.0,0.0008027273579500616,1.0,0.0,0.0,0.0,0.04416734725236893,0.04416734725236893,0.0627322718501091,0.0627322718501091,0.016887346282601357,0.016887346282601357,0.0,0.0,0.0,0.4494500160217285,0.4494500160217285,0.0,0.06947246193885803,0.06947246193885803,0.0,0.0,0.0,0.0,0.31197747588157654,0.31197747588157654,0.0,0.0,0.0,0.0,0.0,0.0,1.0,2.0,5.0,1.0,0.0,1,0.0010158320656046271,0.000703677418641746,9.805634908843786e-05,0.00010020690388046205,0.0005054141511209309,0.00025940255727618933,5.2752060582861304e-05,0.0,0.0,1.0,2.00099515914917,1.2143003940582275,1.2292187213897705,20.185802459716797,199.3531494140625,101.25025177001953,125.52387237548828
16900,1.0,1.0,1.0,1.0,1.0,5.605429760180414e-05,5.6983244576258585e-05,0.00027659739134833217,5.605429760180414e-05,5.6983244576258585e-05,0.00027659739134833217,0.00038963492261245847,5.718276588595472e-05,6.459347059717402e-05,5.718276588595472e-05,6.459347059717402e-05,0.00012177623284514993,2.494430373189971e-05,0.000536355481017381,0.0,0.0,0.0,0.0,0.0,0.0,0.0,0.00038963492261245847,0.00024355246569029987,0.00012472152593545616,0.0,0.0,0.0007579089142382145,1.0,1.0,0.1666666716337204,2.0,0.04013364017009735,0.03990903124213219,0.04730264097452164,0.04730264097452164,0.01983596570789814,0.019724953919649124,0.0,0.0,0.0,0.2870495915412903,0.3387466073036194,1.0,-0.10564953833818436,0.10564953833818436,0.0,0.0,0.0,0.0,0.4713812470436096,0.5045315623283386,0.0,0.0,0.0,0.0,0.0,0.0,1.0,2.0,5.0,1.0,0.0,1,0.0010131550952792168,0.0007009165128692985,0.00010364597983425483,9.520386811345816e-05,0.0005020666867494583,0.0002605101908557117,5.1728420658037066e-05,0.0,0.0,1.0,2.00099515914917,1.2143003940582275,1.2292187213897705,20.185802459716797,199.3531494140625,101.25025177001953,125.52387237548828
17000,1.0,1.0,1.0,1.0,1.0,5.39387074240949e-05,5.3606989240506664e-05,0.00025876256404444575,5.39387074240949e-05,5.3606989240506664e-05,0.00025876256404444575,0.0003663082607090473,5.314720328897238e-05,7.117110362742096e-05,5.314720328897238e-05,7.117110362742096e-05,0.00012431830691639334,2.6824995075003244e-05,0.0005174515536054969,0.0,0.0,0.0,0.0,0.0,0.0,0.0,0.0003663082607090473,0.0002486366138327867,0.00013412497355602682,0.0,0.0,0.0007490698480978608,1.0,2.0,0.3333333432674408,4.0,0.041779980063438416,0.03283306211233139,0.028397880494594574,0.028391821309924126,0.016101259738206863,0.012649708427488804,0.0,0.0,0.0,0.0032187344040721655,-0.012160648591816425,1.0,-0.6184090971946716,0.6182948350906372,0.0,0.0,0.0,1.0,-0.02065497636795044,0.01622975431382656,0.0,0.0,0.0,0.0,0.0,0.0,1.0,2.0,5.0,1.0,0.0,1,0.0010224560974165797,0.000702601857483387,9.83821228146553e-05,0.00010002957424148917,0.0005041901604272425,0.0002676644653547555,5.218978913035244e-05,0.0,0.0,1.0,2.00099515914917,1.2143003940582275,1.2292187213897705,20.185802459716797,199.3531494140625,101.25025177001953,125.52387237548828
17100,1.0,1.0,1.0,1.0,1.0,5.7698132877703756e-05,6.749651220161468e-05,0.00026359129697084427,5.7698132877703756e-05,6.749651220161468e-05,0.00026359129697084427,0.0003887859347742051,4.5807410060660914e-05,6.653258606093004e-05,4.5807410060660914e-05,6.653258606093004e-05,0.00011233999975956976,2.263539681734983e-05,0.0005237613222561777,0.0,0.0,0.0,0.0,0.0,0.0,0.0,0.0003887859347742051,0.00022467999951913953,0.00011317698226775974,0.0,0.0,0.0007266429020091891,1.0,2.0,0.3333333432674408,4.0,0.06367099285125732,0.06367046386003494,0.02890920452773571,0.02888820692896843,0.008469535037875175,0.008463868871331215,0.0,0.0,0.0,0.43342193961143494,0.4335857033729553,1.0,-0.004061228595674038,0.01982221193611622,0.0,0.0,0.0,1.0,-0.038106419146060944,0.038106173276901245,0.0,0.0,0.0,0.0,0.0,0.0,1.0,2.0,5.0,1.0,0.0,1,0.0009906571358442307,0.0006841637659817934,9.346244769403711e-05,9.762411355040967e-05,0.0004930772120133042,0.0002541148569434881,5.23784983670339e-05,0.0,0.0,1.0,2.00099515914917,1.2143003940582275,1.2292187213897705,20.185802459716797,199.3531494140625,101.25025177001953,125.52387237548828
17200,1.0,1.0,1.0,1.0,1.0,6.10414135735482e-05,5.0766229833243415e-05,0.00028145848773419857,6.10414135735482e-05,5.0766229833243415e-05,0.00028145848773419857,0.0003932661493308842,4.185540819889866e-05,6.58217613818124e-05,4.185540819889866e-05,6.58217613818124e-05,0.00010767717321868986,2.263255555590149e-05,0.0005235758726485074,0.0,0.0,0.0,0.0,0.0,0.0,0.0,0.0003932661493308842,0.00021535434643737972,0.00011316277959849685,0.0,0.0,0.0007217832608148456,1.0,2.0,0.3333333432674408,4.0,0.04689040035009384,0.04577380046248436,0.02453494258224964,0.023019446060061455,0.017661359161138535,0.01660321094095707,0.0,0.0,1.0,-0.21693094074726105,0.20628836750984192,0.0,0.46311405301094055,0.4240541458129883,0.0,0.0,0.0,1.0,-0.3409351110458374,0.3676580488681793,0.0,0.0,0.0,0.0,0.0,0.0,1.0,2.0,5.0,1.0,0.0,1,0.000990661676041782,0.0006801620475016534,9.483034227741882e-05,9.474402759224176e-05,0.0004905876703560352,0.00025912554701790214,5.137412517797202e-05,0.0,0.0,1.0,2.00099515914917,1.2143003940582275,1.2292187213897705,20.185802459716797,199.3531494140625,101.25025177001953,125.52387237548828
17300,1.0,1.0,1.0,1.0,1.0,5.553168375627138e-05,7.059562631184235e-05,0.0002737540635280311,5.553168375627138e-05,7.059562631184235e-05,0.0002737540635280311,0.0003998813917860389,5.2841838623862714e-05,7.325370097532868e-05,5.2841838623862714e-05,7.325370097532868e-05,0.000126095546875149,2.8702816052827984e-05,0.0005546797765418887,0.0,0.0,0.0,0.0,0.0,0.0,0.0,0.0003998813917860389,0.000252191093750298,0.0001435140729881823,0.0,0.0,0.0007955865585245192,1.0,2.0,0.3333333432674408,4.0,0.03775085508823395,0.03640180453658104,0.03380618616938591,0.03280683979392052,0.017725683748722076,0.01733698882162571,0.0,0.0,1.0,-0.24134688079357147,0.28491875529289246,1.0,-0.20826856791973114,0.2029396891593933,0.0,0.0,0.0,0.0,0.41007697582244873,0.37908512353897095,0.0,0.0,0.0,0.0,0.0,0.0,1.0,2.0,5.0,1.0,0.0,1,0.0009851676877588034,0.0006785168079659343,9.127486555371433e-05,9.718497312860563e-05,0.0004900569329038262,0.00025417155120521784,5.2479339501587674e-05,0.0,0.0,1.0,2.00099515914917,1.2143003940582275,1.2292187213897705,20.185802459716797,199.3531494140625,101.25025177001953,125.52387237548828
17400,1.0,1.0,1.0,1.0,1.0,5.733901707571931e-05,5.24314382346347e-05,0.0002642444451339543,5.733901707571931e-05,5.24314382346347e-05,0.0002642444451339543,0.0003740148968063295,5.09717247041408e-05,6.854688399471343e-05,5.09717247041408e-05,6.854688399471343e-05,0.00011951860506087542,2.4590914108557627e-05,0.0005181244341656566,0.0,0.0,0.0,0.0,0.0,0.0,0.0,0.0003740148968063295,0.00023903721012175083,0.00012295457418076694,0.0,0.0,0.0007360066520050168,1.0,1.0,0.1666666716337204,2.0,0.035693828016519547,0.035693828016519547,0.042722348123788834,0.041744742542505264,0.014094668440520763,0.013772143051028252,0.0,0.0,0.0,0.3078260123729706,0.33901557326316833,0.0,0.1101636216044426,0.17975184321403503,0.0,0.0,0.0,1.0,-0.21270129084587097,0.21270132064819336,0.0,0.0,0.0,0.0,0.0,0.0,1.0,2.0,5.0,1.0,0.0,1,0.0009696976048871875,0.0006680631777271628,9.09658701857552e-05,9.373491775477305e-05,0.000483362382510677,0.0002513504005037248,5.0284044846193865e-05,0.0,0.0,1.0,2.00099515914917,1.2143003940582275,1.2292187213897705,20.185802459716797,199.3531494140625,101.25025177001953,125.52387237548828
17500,1.0,1.0,1.0,1.0,1.0,5.444298221846111e-05,5.239719757810235e-05,0.000238590277149342,5.444298221846111e-05,5.239719757810235e-05,0.000238590277149342,0.00034543045330792665,4.554436600301415e-05,6.337394734146073e-05,4.554436600301415e-05,6.337394734146073e-05,0.00010891831334447488,2.460968607920222e-05,0.00047895844909362495,0.0,0.0,0.0,0.0,0.0,0.0,0.0,0.00034543045330792665,0.00021783662668894976,0.0001230484340339899,0.0,0.0,0.0006863155285827816,1.0,2.0,0.3333333432674408,4.0,0.04668071120977402,0.0466124564409256,0.04809408634901047,0.047583021223545074,0.017337441444396973,0.017164679244160652,0.0,0.0,1.0,-0.05405689403414726,0.0535254143178463,0.0,0.1268785148859024,0.12064307928085327,0.0,0.0,0.0,1.0,-0.14081890881061554,0.1453196406364441,0.0,0.0,0.0,0.0,0.0,0.0,1.0,2.0,5.0,1.0,0.0,1,0.0009766204748302698,0.0006762686534784734,9.964706259779632e-05,9.366772428620607e-05,0.0004829538520425558,0.00025187633582390845,4.84754637000151e-05,0.0,0.0,1.0,2.00099515914917,1.2143003940582275,1.2292187213897705,20.185802459716797,199.3531494140625,101.25025177001953,125.52387237548828
17600,1.0,1.0,1.0,1.0,1.0,4.7564786655129865e-05,5.060038893134333e-05,0.00024119883892126381,4.7564786655129865e-05,5.060038893134333e-05,0.00024119883892126381,0.0003393640217836946,4.501915100263432e-05,7.101918163243681e-05,4.501915100263432e-05,7.101918163243681e-05,0.00011603833263507113,2.51870460488135e-05,0.00048058939864858985,0.0,0.0,0.0,0.0,0.0,0.0,0.0,0.0003393640217836946,0.00023207666527014226,0.0001259352284250781,0.0,0.0,0.000697375915478915,1.0,0.0,0.0,0.0,0.044717468321323395,0.044717468321323395,0.042187463492155075,0.042187463492155075,0.019349543377757072,0.019349543377757072,0.0,0.0,0.0,0.21864503622055054,0.21864503622055054,0.0,0.37339648604393005,0.37339648604393005,0.0,0.0,0.0,0.0,0.03585411235690117,0.03585411235690117,0.0,0.0,0.0,0.0,0.0,0.0,1.0,2.0,5.0,1.0,0.0,1,0.0009605448576621711,0.0006690637674182653,8.794961468083784e-05,9.610453707864508e-05,0.0004850096011068672,0.00024134019622579217,5.014088310417719e-05,0.0,0.0,1.0,2.00099515914917,1.2143003940582275,1.2292187213897705,20.185802459716797,199.3531494140625,101.25025177001953,125.52387237548828
17700,1.0,1.0,1.0,1.0,1.0,5.0967701099580154e-05,5.0078546337317675e-05,0.00024806306464597583,5.0967701099580154e-05,5.0078546337317675e-05,0.00024806306464597583,0.0003491092938929796,3.9475147787015885e-05,6.632877193624154e-05,3.9475147787015885e-05,6.632877193624154e-05,0.00010580391972325742,2.4458659027004614e-05,0.00047937186900526285,0.0,0.0,0.0,0.0,0.0,0.0,0.0,0.0003491092938929796,0.00021160783944651484,0.00012229329149704427,0.0,0.0,0.000683010439388454,1.0,2.0,0.3333333432674408,4.0,0.023918773978948593,0.02321052737534046,0.019198361784219742,0.01909147948026657,0.01965314708650112,0.01912902295589447,0.0,0.0,1.0,-0.10537376999855042,0.12830685079097748,1.0,-0.22940395772457123,0.22807423770427704,0.0,0.0,0.0,0.0,0.11439995467662811,0.09321791678667068,0.0,0.0,0.0,0.0,0.0,0.0,1.0,2.0,5.0,1.0,0.0,1,0.000942298851441592,0.0006542118499055505,8.841787348501384e-05,9.383270662510768e-05,0.0004719612770713866,0.00024057456175796688,4.7512385208392516e-05,0.0,0.0,1.0,2.00099515914917,1.2143003940582275,1.2292187213897705,20.185802459716797,199.3531494140625,101.25025177001953,125.52387237548828
17800,1.0,1.0,1.0,1.0,1.0,5.5340286053251475e-05,5.728618270950392e-05,0.00024286106054205447,5.5340286053251475e-05,5.728618270950392e-05,0.00024286106054205447,0.00035548751475289464,4.3762585846707225e-05,6.177727482281625e-05,4.3762585846707225e-05,6.177727482281625e-05,0.00010553986066952348,2.4106404453050345e-05,0.0004851337871514261,0.0,0.0,0.0,0.0,0.0,0.0,0.0,0.00035548751475289464,0.00021107972133904696,0.00012053202226525173,0.0,0.0,0.0006870992365293205,1.0,2.0,0.3333333432674408,4.0,0.04024122282862663,0.040239449590444565,0.027074113488197327,0.027038367465138435,0.01277085579931736,0.012754036113619804,0.0,0.0,0.0,0.09922637790441513,0.09887900948524475,1.0,-0.009388025850057602,0.014387316070497036,0.0,0.0,0.0,1.0,-0.05137031897902489,0.05136808007955551,0.0,0.0,0.0,0.0,0.0,0.0,1.0,2.0,5.0,1.0,0.0,1,0.0009390920749865472,0.0006537191802635789,8.758709009271115e-05,9.0748981165234e-05,0.00047538307262584567,0.00023777161550242454,4.7601275582564995e-05,0.0,0.0,1.0,2.00099515914917,1.2143003940582275,1.2292187213897705,20.185802459716797,199.3531494140625,101.25025177001953,125.52387237548828
17900,1.0,1.0,1.0,1.0,1.0,5.247219087323174e-05,6.673277675872669e-05,0.00028016127180308104,5.247219087323174e-05,6.673277675872669e-05,0.00028016127180308104,0.0003993662539869547,4.4754000555258244e-05,7.487633411074057e-05,4.4754000555258244e-05,7.487633411074057e-05,0.00011963033466599882,2.474743450875394e-05,0.0005437440704554319,0.0,0.0,0.0,0.0,0.0,0.0,0.0,0.0003993662539869547,0.00023926066933199763,0.0001237371761817485,0.0,0.0,0.0007623641286045313,1.0,1.0,0.1666666716337204,2.0,0.06455045938491821,0.06442783027887344,0.02957942709326744,0.029523231089115143,0.02760590985417366,0.02760590985417366,0.0,0.0,1.0,-0.061611343175172806,0.06161133572459221,0.0,0.09627394378185272,0.10733305662870407,0.0,0.0,0.0,0.0,0.17618867754936218,0.18246690928936005,0.0,0.0,0.0,0.0,0.0,0.0,1.0,2.0,5.0,1.0,0.0,1,0.0009362715645693243,0.0006522884359583259,8.939964754972607e-05,9.26190332393162e-05,0.0004702697624452412,0.00023615497048012912,4.782814357895404e-05,0.0,0.0,1.0,2.00099515914917,1.2143003940582275,1.2292187213897705,20.185802459716797,199.3531494140625,101.25025177001953,125.52387237548828
18000,1.0,1.0,1.0,1.0,1.0,6.174323061713949e-05,5.899242387386039e-05,0.00026486447313800454,6.174323061713949e-05,5.899242387386039e-05,0.00026486447313800454,0.00038560014218091965,4.628180249710567e-05,6.672867311863229e-05,4.628180249710567e-05,6.672867311863229e-05,0.00011301047925371677,2.6485664420761168e-05,0.0005250962567515671,0.0,0.0,0.0,0.0,0.0,0.0,0.0,0.00038560014218091965,0.00022602095850743353,0.00013242832210380584,0.0,0.0,0.0007440493791364133,1.0,1.0,0.1666666716337204,2.0,0.049911271780729294,0.049911271780729294,0.024707870557904243,0.02462148852646351,0.022272372618317604,0.022194502875208855,0.0,0.0,0.0,0.0864735096693039,0.1259552389383316,0.0,0.467294842004776,0.47618433833122253,0.0,0.0,0.0,1.0,-0.08354762196540833,0.08354762196540833,0.0,0.0,0.0,0.0,0.0,0.0,1.0,2.0,5.0,1.0,0.0,1,0.0009317629737779498,0.000652131624519825,8.952417556429282e-05,8.98254438652657e-05,0.0004727820341940969,0.00023329605755861849,4.6335302613442764e-05,0.0,0.0,1.0,2.00099515914917,1.2143003940582275,1.2292187213897705,20.185802459716797,199.3531494140625,101.25025177001953,125.52387237548828
18100,1.0,1.0,1.0,1.0,1.0,5.3918225603410974e-05,5.622229946311563e-05,0.00023992659407667816,5.3918225603410974e-05,5.622229946311563e-05,0.00023992659407667816,0.00035006710095331073,4.187299055047333e-05,6.232046871446073e-05,4.187299055047333e-05,6.232046871446073e-05,0.00010419345926493406,2.065167973341886e-05,0.00047491223085671663,0.0,0.0,0.0,0.0,0.0,0.0,0.0,0.00035006710095331073,0.00020838691852986813,0.0001032583968481049,0.0,0.0,0.000661712430883199,1.0,1.0,0.1666666716337204,2.0,0.04219583421945572,0.04053859785199165,0.029978761449456215,0.029978761449456215,0.02953246608376503,0.02837258391082287,0.0,0.0,0.0,0.16451793909072876,0.19669565558433533,1.0,-0.2775017023086548,0.27750179171562195,0.0,0.0,0.0,0.0,0.08811669051647186,0.13923929631710052,0.0,0.0,0.0,0.0,0.0,0.0,1.0,2.0,5.0,1.0,0.0,1,0.0009475662955082953,0.0006568928947672248,9.475387196289375e-05,9.51779875322245e-05,0.00046696100616827607,0.00024355380446650088,4.711965084425174e-05,0.0,0.0,1.0,2.00099515914917,1.2143003940582275,1.2292187213897705,20.185802459716797,199.3531494140625,101.25025177001953,125.52387237548828
18200,1.0,1.0,1.0,1.0,1.0,5.456419239635579e-05,5.4610147344646975e-05,0.0002511933562345803,5.456419239635579e-05,5.4610147344646975e-05,0.0002511933562345803,0.00036036770325154066,4.174948844593018e-05,5.3956187912262976e-05,4.174948844593018e-05,5.3956187912262976e-05,9.570567635819316e-05,1.989998600038234e-05,0.00047597335651516914,0.0,0.0,0.0,0.0,0.0,0.0,0.0,0.00036036770325154066,0.00019141135271638632,9.94999281829223e-05,0.0,0.0,0.0006512789987027645,1.0,2.0,0.3333333432674408,4.0,0.03175003454089165,0.03154542297124863,0.022842461243271828,0.02242516539990902,0.027073731645941734,0.026620229706168175,0.0,0.0,0.0,0.41938745975494385,0.4078521728515625,1.0,-0.11334618180990219,0.17265918850898743,0.0,0.0,0.0,1.0,-0.1902710646390915,0.18922783434391022,0.0,0.0,0.0,0.0,0.0,0.0,1.0,2.0,5.0,1.0,0.0,1,0.0009197822073474526,0.0006392941577360034,8.926619921112433e-05,8.94205950316973e-05,0.000460607378045097,0.00023280500317923725,4.7683020966360345e-05,0.0,0.0,1.0,2.00099515914917,1.2143003940582275,1.2292187213897705,20.185802459716797,199.3531494140625,101.25025177001953,125.52387237548828
18300,1.0,1.0,1.0,1.0,1.0,5.301782221067697e-05,5.128351767780259e-05,0.0002569112984929234,5.301782221067697e-05,5.128351767780259e-05,0.0002569112984929234,0.00036121264565736055,4.3624710087897256e-05,5.951437196927145e-05,4.3624710087897256e-05,5.951437196927145e-05,0.00010313908569514751,2.086364293063525e-05,0.0004852153651881963,0.0,0.0,0.0,0.0,0.0,0.0,0.0,0.00036121264565736055,0.00020627817139029503,0.00010431821283418685,0.0,0.0,0.0006718090153299272,1.0,2.0,0.3333333432674408,4.0,0.018548205494880676,0.01761285774409771,0.018334705382585526,0.01732410117983818,0.014853560365736485,0.014639820903539658,0.0,0.0,1.0,-0.3135490417480469,0.308752179145813,0.0,0.19605746865272522,0.15285374224185944,0.0,0.0,0.0,1.0,-0.16903406381607056,0.2193947583436966,0.0,0.0,0.0,0.0,0.0,0.0,1.0,2.0,5.0,1.0,0.0,1,0.0009239042410627007,0.000645990134216845,9.133839193964377e-05,9.16907301871106e-05,0.00046296100481413305,0.00023020501248538494,4.770906889461912e-05,0.0,0.0,1.0,2.00099515914917,1.2143003940582275,1.2292187213897705,20.185802459716797,199.3531494140625,101.25025177001953,125.52387237548828
18400,1.0,1.0,1.0,1.0,1.0,5.0087743147742e-05,4.580634777084924e-05,0.0002456666552461684,5.0087743147742e-05,4.580634777084924e-05,0.0002456666552461684,0.00034156074980273843,3.846198524115607e-05,5.853118636878207e-05,3.846198524115607e-05,5.853118636878207e-05,9.699317160993814e-05,1.9623152184067294e-05,0.00045817706268280745,0.0,0.0,0.0,0.0,0.0,0.0,0.0,0.00034156074980273843,0.0001939863432198763,9.811576455831528e-05,0.0,0.0,0.00063366285758093,1.0,0.0,0.0,0.0,0.026402635499835014,0.026402635499835014,0.019770096987485886,0.019770096987485886,0.013532229699194431,0.013532229699194431,0.0,0.0,0.0,0.11997965723276138,0.11997965723276138,0.0,0.0787963941693306,0.0787963941693306,0.0,0.0,0.0,0.0,0.012750674970448017,0.012750674970448017,0.0,0.0,0.0,0.0,0.0,0.0,1.0,2.0,5.0,1.0,0.0,1,0.000910770904738456,0.0006342049455270171,8.749434346100315e-05,9.016592230182141e-05,0.0004565447161439806,0.00023017186322249472,4.639413964468986e-05,0.0,0.0,1.0,2.00099515914917,1.2143003940582275,1.2292187213897705,20.185802459716797,199.3531494140625,101.25025177001953,125.52387237548828
18500,1.0,1.0,1.0,1.0,1.0,5.9928679547738284e-05,5.297198731568642e-05,0.00026007130509242415,5.9928679547738284e-05,5.297198731568642e-05,0.00026007130509242415,0.0003729719901457429,4.53824432042893e-05,6.271045276662335e-05,4.53824432042893e-05,6.271045276662335e-05,0.00010809289233293384,2.2358755813911557e-05,0.0005034236237406731,0.0,0.0,0.0,0.0,0.0,0.0,0.0,0.0003729719901457429,0.00021618578466586769,0.00011179377906955779,0.0,0.0,0.0007009515538811684,1.0,1.0,0.1666666716337204,2.0,0.035577304661273956,0.035577304661273956,0.030820881947875023,0.03021903522312641,0.013937176205217838,0.013665021397173405,0.0,0.0,0.0,0.05351767688989639,0.08167976140975952,0.0,0.1350950300693512,0.14851972460746765,0.0,0.0,0.0,1.0,-0.19665491580963135,0.19665491580963135,0.0,0.0,0.0,0.0,0.0,0.0,1.0,2.0,5.0,1.0,0.0,1,0.0009015121031552553,0.0006328057497739792,8.762781362747774e-05,8.911122858989984e-05,0.0004560667439363897,0.00022260722471401095,4.609910320141353e-05,0.0,0.0,1.0,2.00099515914917,1.2143003940582275,1.2292187213897705,20.185802459716797,199.3531494140625,101.25025177001953,125.52387237548828
18600,1.0,1.0,1.0,1.0,1.0,5.192609751247801e-05,4.909302151645534e-05,0.0002576071710791439,5.192609751247801e-05,4.909302151645534e-05,0.0002576071710791439,0.00035862630465999246,4.4358726881910115e-05,5.8200384955853224e-05,4.4358726881910115e-05,5.8200384955853224e-05,0.00010255911183776334,1.985729431908112e-05,0.0004810426908079535,0.0,0.0,0.0,0.0,0.0,0.0,0.0,0.00035862630465999246,0.00020511822367552668,9.9286473414395e-05,0.0,0.0,0.0006630310090258718,1.0,1.0,0.1666666716337204,2.0,0.05408105254173279,0.05401545763015747,0.033881574869155884,0.033881574869155884,0.01929415389895439,0.019270751625299454,0.0,0.0,0.0,0.40740421414375305,0.41489535570144653,1.0,-0.04923694580793381,0.04923694580793381,0.0,0.0,0.0,0.0,0.14192351698875427,0.16217957437038422,0.0,0.0,0.0,0.0,0.0,0.0,1.0,2.0,5.0,1.0,0.0,1,0.0009197602630592883,0.0006381473504006863,8.698433521203697e-05,9.563694038661197e-05,0.00045552608207799494,0.00023650395451113582,4.5108979975339025e-05,0.0,0.0,1.0,2.00099515914917,1.2143003940582275,1.2292187213897705,20.185802459716797,199.3531494140625,101.25025177001953,125.52387237548828
18700,1.0,1.0,1.0,1.0,1.0,5.234475611359812e-05,4.843517308472656e-05,0.00024357985239475965,5.234475611359812e-05,4.843517308472656e-05,0.00024357985239475965,0.00034435978159308434,3.9374965126626194e-05,6.534264684887603e-05,3.9374965126626194e-05,6.534264684887603e-05,0.00010471761197550222,2.1136520444997586e-05,0.00047021391219459474,0.0,0.0,0.0,0.0,0.0,0.0,0.0,0.00034435978159308434,0.00020943522395100445,0.00010568260040599853,0.0,0.0,0.0006594776059500873,1.0,2.0,0.3333333432674408,4.0,0.03760731592774391,0.03737636283040047,0.04695267975330353,0.04634488746523857,0.03405790776014328,0.03366798907518387,0.0,0.0,0.0,0.5223829746246338,0.5144131183624268,1.0,-0.11065556108951569,0.16393625736236572,0.0,0.0,0.0,1.0,-0.16038058698177338,0.1596490740776062,0.0,0.0,0.0,0.0,0.0,0.0,1.0,2.0,5.0,1.0,0.0,1,0.0009124545613303781,0.0006297630025073886,9.388205216964707e-05,8.76291305758059e-05,0.00044825178338214755,0.00023679982405155897,4.5891745685366914e-05,0.0,0.0,1.0,2.00099515914917,1.2143003940582275,1.2292187213897705,20.185802459716797,199.3531494140625,101.25025177001953,125.52387237548828
18800,1.0,1.0,1.0,1.0,1.0,5.472119664773345e-05,5.051228072261438e-05,0.00027754524489864707,5.472119664773345e-05,5.051228072261438e-05,0.00027754524489864707,0.0003827787295449525,4.795622589881532e-05,5.499952385434881e-05,4.795622589881532e-05,5.499952385434881e-05,0.00010295574611518532,2.1811327314935625e-05,0.0005075458320789039,0.0,0.0,0.0,0.0,0.0,0.0,0.0,0.0003827787295449525,0.00020591149223037064,0.00010905663657467812,0.0,0.0,0.0006977468729019165,1.0,1.0,0.1666666716337204,2.0,0.02934243716299534,0.028741752728819847,0.031021643429994583,0.030386585742235184,0.019157567992806435,0.019157567992806435,0.0,0.0,1.0,-0.20130540430545807,0.20130543410778046,0.0,0.15425819158554077,0.1966802328824997,0.0,0.0,0.0,0.0,0.19073361158370972,0.22642181813716888,0.0,0.0,0.0,0.0,0.0,0.0,1.0,2.0,5.0,1.0,0.0,1,0.0008895078208297491,0.0006241612136363983,8.967430039774626e-05,8.934581273933873e-05,0.0004451410786714405,0.00021983336773701012,4.5513257646234706e-05,0.0,0.0,1.0,2.00099515914917,1.2143003940582275,1.2292187213897705,20.185802459716797,199.3531494140625,101.25025177001953,125.52387237548828
18900,1.0,1.0,1.0,1.0,1.0,5.452596451505087e-05,5.218349178903736e-05,0.0002666571526788175,5.452596451505087e-05,5.218349178903736e-05,0.0002666571526788175,0.00037336660898290575,5.770042844233103e-05,5.9186655562371016e-05,5.770042844233103e-05,5.9186655562371016e-05,0.00011688708036672324,1.946655902429484e-05,0.0005097202374599874,0.0,0.0,0.0,0.0,0.0,0.0,0.0,0.00037336660898290575,0.00023377416073344648,9.7332798759453e-05,0.0,0.0,0.0007044735830277205,1.0,1.0,0.1666666716337204,2.0,0.05630594119429588,0.05626782029867172,0.0772763341665268,0.0772763341665268,0.021941732615232468,0.0219268761575222,0.0,0.0,0.0,0.4156193733215332,0.4230515956878662,1.0,-0.03679201006889343,0.03679201379418373,0.0,0.0,0.0,0.0,0.1942220777273178,0.2096555083990097,0.0,0.0,0.0,0.0,0.0,0.0,1.0,2.0,5.0,1.0,0.0,1,0.0009125216747634113,0.0006277649663388729,9.066495840670541e-05,9.054878319147974e-05,0.00044655121746473014,0.00024126065545715392,4.349610389908776e-05,0.0,0.0,1.0,2.00099515914917,1.2143003940582275,1.2292187213897705,20.185802459716797,199.3531494140625,101.25025177001953,125.52387237548828
19000,1.0,1.0,1.0,1.0,1.0,5.461867112899199e-05,5.5844611779320985e-05,0.00026678136782720685,5.461867112899199e-05,5.5844611779320985e-05,0.00026678136782720685,0.00037724466528743505,4.222400821163319e-05,6.710127490805462e-05,4.222400821163319e-05,6.710127490805462e-05,0.000109325279481709,2.1870819182367995e-05,0.0005084407748654485,0.0,0.0,0.0,0.0,0.0,0.0,0.0,0.00037724466528743505,0.000218650558963418,0.00010935409227386117,0.0,0.0,0.0007052493165247142,1.0,0.0,0.0,0.0,0.05976008623838425,0.05976008623838425,0.04986206069588661,0.04986206069588661,0.013580617494881153,0.013580617494881153,0.0,0.0,0.0,0.4349067509174347,0.4349067509174347,0.0,0.298801064491272,0.298801064491272,0.0,0.0,0.0,0.0,0.46135756373405457,0.46135756373405457,0.0,0.0,0.0,0.0,0.0,0.0,1.0,2.0,5.0,1.0,0.0,1,0.0008838836802169681,0.0006250376463867724,8.705009531695396e-05,9.646655234973878e-05,0.00044152099872007966,0.00021615077275782824,4.2695253796409816e-05,0.0,0.0,1.0,2.00099515914917,1.2143003940582275,1.2292187213897705,20.185802459716797,199.3531494140625,101.25025177001953,125.52387237548828
19100,1.0,1.0,1.0,1.0,1.0,5.547807086259127e-05,5.309250263962895e-05,0.00027176219737157226,5.547807086259127e-05,5.309250263962895e-05,0.00027176219737157226,0.00038033275632187724,4.587732837535441e-05,4.66971323476173e-05,4.587732837535441e-05,4.66971323476173e-05,9.257446072297171e-05,1.9121407603961416e-05,0.0004920286010019481,0.0,0.0,0.0,0.0,0.0,0.0,0.0,0.00038033275632187724,0.00018514892144594342,9.560703620081767e-05,0.0,0.0,0.0006610886775888503,1.0,2.0,0.3333333432674408,4.0,0.06610363721847534,0.06610334664583206,0.048321764916181564,0.04785947874188423,0.019049303606152534,0.018867436796426773,0.0,0.0,0.0,0.05882299691438675,0.05898313596844673,1.0,-0.0029305845964699984,0.011087763123214245,0.0,0.0,0.0,1.0,-0.13799318671226501,0.13799259066581726,0.0,0.0,0.0,0.0,0.0,0.0,1.0,2.0,5.0,1.0,0.0,1,0.0009016129188239574,0.0006394055089913309,0.00010957708582282066,8.699730824446306e-05,0.00044283110764808953,0.00021990406094118953,4.2303348891437054e-05,0.0,0.0,1.0,2.00099515914917,1.2143003940582275,1.2292187213897705,20.185802459716797,199.3531494140625,101.25025177001953,125.52387237548828
19200,1.0,1.0,1.0,1.0,1.0,5.079753464087844e-05,5.129830242367461e-05,0.00021756900241598487,5.079753464087844e-05,5.129830242367461e-05,0.00021756900241598487,0.0003196648322045803,3.4621003578649834e-05,6.596789171453565e-05,3.4621003578649834e-05,6.596789171453565e-05,0.00010058889165520668,1.8901504517998546e-05,0.00043915523565374315,0.0,0.0,0.0,0.0,0.0,0.0,0.0,0.0003196648322045803,0.00020117778331041336,9.450752258999273e-05,0.0,0.0,0.000615350145380944,1.0,0.0,0.0,0.0,0.050652336329221725,0.050652336329221725,0.032601162791252136,0.032601162791252136,0.017285427078604698,0.017285427078604698,0.0,0.0,0.0,0.2785426080226898,0.2785426080226898,0.0,0.13904792070388794,0.13904792070388794,0.0,0.0,0.0,0.0,0.14678476750850677,0.14678476750850677,0.0,0.0,0.0,0.0,0.0,0.0,1.0,2.0,5.0,1.0,0.0,1,0.0008716540178284049,0.0006112951086834073,9.140980546362698e-05,8.453054033452645e-05,0.00043535474105738103,0.00021713628666475415,4.3222597014391795e-05,0.0,0.0,1.0,2.00099515914917,1.2143003940582275,1.2292187213897705,20.185802459716797,199.3531494140625,101.25025177001953,125.52387237548828
19300,1.0,1.0,1.0,1.0,1.0,5.341371797840111e-05,4.2430965550011024e-05,0.0002512082573957741,5.341371797840111e-05,4.2430965550011024e-05,0.0002512082573957741,0.00034705293364822865,3.906090569216758e-05,6.173455039970577e-05,3.906090569216758e-05,6.173455039970577e-05,0.00010079545609187335,1.9941302525694482e-05,0.0004677897086367011,0.0,0.0,0.0,0.0,0.0,0.0,0.0,0.00034705293364822865,0.0002015909121837467,9.970651444746181e-05,0.0,0.0,0.0006483503966592252,1.0,0.0,0.0,0.0,0.03539583832025528,0.03539583832025528,0.03005824238061905,0.03005824238061905,0.01076964195817709,0.01076964195817709,0.0,0.0,0.0,0.2967403531074524,0.2967403531074524,0.0,0.22365467250347137,0.22365467250347137,0.0,0.0,0.0,0.0,0.2376902550458908,0.2376902550458908,0.0,0.0,0.0,0.0,0.0,0.0,1.0,2.0,5.0,1.0,0.0,1,0.0008607894997112453,0.0006010370561853051,8.762080688029528e-05,8.518397225998342e-05,0.0004282322770450264,0.00021750060841441154,4.225184238748625e-05,0.0,0.0,1.0,2.00099515914917,1.2143003940582275,1.2292187213897705,20.185802459716797,199.3531494140625,101.25025177001953,125.52387237548828
19400,1.0,1.0,1.0,1.0,1.0,5.0146409193985164e-05,4.628389797289856e-05,0.0002171686355723068,5.0146409193985164e-05,4.628389797289856e-05,0.0002171686355723068,0.00031359895365312696,3.6591169191524386e-05,5.527847315534018e-05,3.6591169191524386e-05,5.527847315534018e-05,9.186964598484337e-05,1.962466376426164e-05,0.00042509325430728495,0.0,0.0,0.0,0.0,0.0,0.0,0.0,0.00031359895365312696,0.00018373929196968675,9.81233170023188e-05,0.0,0.0,0.0005954615771770477,1.0,2.0,0.3333333432674408,4.0,0.03357996046543121,0.03288435935974121,0.02372831664979458,0.020144566893577576,0.016401616856455803,0.014144783839583397,0.0,0.0,1.0,-0.2024857997894287,0.17366193234920502,0.0,0.10046359151601791,-0.002415123162791133,0.0,0.0,0.0,1.0,-0.5062244534492493,0.513812780380249,0.0,0.0,0.0,0.0,0.0,0.0,1.0,2.0,5.0,1.0,0.0,1,0.0008746202802285552,0.0006170517881400883,8.786037506069988e-05,8.67768467287533e-05,0.00044241457362659276,0.00021523117902688682,4.233732397551648e-05,0.0,0.0,1.0,2.00099515914917,1.2143003940582275,1.2292187213897705,20.185802459716797,199.3531494140625,101.25025177001953,125.52387237548828
19500,1.0,1.0,1.0,1.0,1.0,5.496669473359361e-05,5.4320240451488644e-05,0.00023683762992732227,5.496669473359361e-05,5.4320240451488644e-05,0.00023683762992732227,0.00034612457966431975,4.6331086196005344e-05,5.719179171137512e-05,4.6331086196005344e-05,5.719179171137512e-05,0.00010352287790738046,1.8336619177716784e-05,0.0004679840640164912,0.0,0.0,0.0,0.0,0.0,0.0,0.0,0.00034612457966431975,0.00020704575581476092,9.168309770757332e-05,0.0,0.0,0.0006448534550145268,1.0,1.0,0.1666666716337204,2.0,0.0613541454076767,0.05969569459557533,0.04623521864414215,0.04623521864414215,0.01685197837650776,0.016396455466747284,0.0,0.0,0.0,0.2112261950969696,0.27964097261428833,1.0,-0.23093490302562714,0.23093493282794952,0.0,0.0,0.0,0.0,0.26351943612098694,0.3209751546382904,0.0,0.0,0.0,0.0,0.0,0.0,1.0,2.0,5.0,1.0,0.0,1,0.0008820382063277066,0.000610703369602561,9.07687863218598e-05,8.623561006970704e-05,0.00043369896593503654,0.00022830895613878965,4.302589877624996e-05,0.0,0.0,1.0,2.00099515914917,1.2143003940582275,1.2292187213897705,20.185802459716797,199.3531494140625,101.25025177001953,125.52387237548828
19600,1.0,1.0,1.0,1.0,1.0,4.886925307800993e-05,5.4530792112927884e-05,0.00022703227296005934,4.886925307800993e-05,5.4530792112927884e-05,0.00022703227296005934,0.00033043231815099716,4.197395537630655e-05,4.9473186663817614e-05,4.197395537630655e-05,4.9473186663817614e-05,9.144714567810297e-05,2.10283378692111e-05,0.000442907796241343,0.0,0.0,0.0,0.0,0.0,0.0,0.0,0.00033043231815099716,0.00018289429135620594,0.0001051416911650449,0.0,0.0,0.0006184682715684175,1.0,0.0,0.0,0.0,0.05631031468510628,0.05631031468510628,0.021365199238061905,0.021365199238061905,0.019609663635492325,0.019609663635492325,0.0,0.0,0.0,0.21197247505187988,0.21197247505187988,0.0,0.3068764805793762,0.3068764805793762,0.0,0.0,0.0,0.0,0.4020085036754608,0.4020085036754608,0.0,0.0,0.0,0.0,0.0,0.0,1.0,2.0,5.0,1.0,0.0,1,0.0008497324888594449,0.0006038722931407392,8.653683471493423e-05,8.533772052032873e-05,0.00043199773062951863,0.0002055264776572585,4.033371078548953e-05,0.0,0.0,1.0,2.00099515914917,1.2143003940582275,1.2292187213897705,20.185802459716797,199.3531494140625,101.25025177001953,125.52387237548828
19700,1.0,1.0,1.0,1.0,1.0,4.1588245949242264e-05,4.573166370391846e-05,0.00019960115605499595,4.1588245949242264e-05,4.573166370391846e-05,0.00019960115605499595,0.0002869210729841143,4.010976044810377e-05,5.4538482800126076e-05,4.010976044810377e-05,5.4538482800126076e-05,9.464824688620865e-05,2.0680667148553766e-05,0.0004022499779239297,0.0,0.0,0.0,0.0,0.0,0.0,0.0,0.0002869210729841143,0.0001892964937724173,0.00010340333392377943,0.0,0.0,0.0005796208861283958,1.0,0.0,0.0,0.0,0.019565826281905174,0.019565826281905174,0.04313227906823158,0.04313227906823158,0.009820105507969856,0.009820105507969856,0.0,0.0,0.0,0.2086610049009323,0.2086610049009323,0.0,0.10070230066776276,0.10070230066776276,0.0,0.0,0.0,0.0,0.14974477887153625,0.14974477887153625,0.0,0.0,0.0,0.0,0.0,0.0,1.0,2.0,5.0,1.0,0.0,1,0.0008575801039114594,0.0006030239164829254,8.864375558914617e-05,8.614594116806984e-05,0.000428234227001667,0.0002138551790267229,4.070102659170516e-05,0.0,0.0,1.0,2.00099515914917,1.2143003940582275,1.2292187213897705,20.185802459716797,199.3531494140625,101.25025177001953,125.52387237548828
19800,1.0,1.0,1.0,1.0,1.0,5.474915087688714e-05,5.24003007740248e-05,0.00021324922272469848,5.474915087688714e-05,5.24003007740248e-05,0.00021324922272469848,0.0003203986561857164,3.246839332859963e-05,6.05303212068975e-05,3.246839332859963e-05,6.05303212068975e-05,9.299871453549713e-05,1.8241471479996108e-05,0.00043163885129615664,0.0,0.0,0.0,0.0,0.0,0.0,0.0,0.0003203986561857164,0.00018599742907099426,9.120735921896994e-05,0.0,0.0,0.0005976033862680197,1.0,0.0,0.0,0.0,0.0644179955124855,0.0644179955124855,0.0727258175611496,0.0727258175611496,0.01032858807593584,0.01032858807593584,0.0,0.0,0.0,0.3128684163093567,0.3128684163093567,0.0,0.20105509459972382,0.20105509459972382,0.0,0.0,0.0,0.0,0.11943184584379196,0.11943184584379196,0.0,0.0,0.0,0.0,0.0,0.0,1.0,2.0,5.0,1.0,0.0,1,0.0008527106256224215,0.0006029710057191551,8.423686813330278e-05,9.024820610648021e-05,0.0004284859460312873,0.00020816992036998272,4.1569692257326096e-05,0.0,0.0,1.0,2.00099515914917,1.2143003940582275,1.2292187213897705,20.185802459716797,199.3531494140625,101.25025177001953,125.52387237548828
19900,1.0,1.0,1.0,1.0,1.0,5.604542820947245e-05,5.54858343093656e-05,0.00023771807900629938,5.604542820947245e-05,5.54858343093656e-05,0.00023771807900629938,0.0003492493415251374,3.8256806874414906e-05,5.9759418945759535e-05,3.8256806874414906e-05,5.9759418945759535e-05,9.801622945815325e-05,1.8940911104436964e-05,0.00046620648936368525,0.0,0.0,0.0,0.0,0.0,0.0,0.0,0.0003492493415251374,0.0001960324589163065,9.470455552218482e-05,0.0,0.0,0.0006399863632395864,1.0,0.0,0.0,0.0,0.054552432149648666,0.054552432149648666,0.06961967796087265,0.06961967796087265,0.011813445016741753,0.011813445016741753,0.0,0.0,0.0,0.5057509541511536,0.5057509541511536,0.0,0.4174337685108185,0.4174337685108185,0.0,0.0,0.0,0.0,0.27581244707107544,0.27581244707107544,0.0,0.0,0.0,0.0,0.0,0.0,1.0,2.0,5.0,1.0,0.0,1,0.0008598773274570704,0.0006060850573703647,9.428848716197535e-05,8.78102146089077e-05,0.00042398637742735445,0.00021218771871645004,4.160456592217088e-05,0.0,0.0,1.0,2.00099515914917,1.2143003940582275,1.2292187213897705,20.185802459716797,199.3531494140625,101.25025177001953,125.52387237548828
20000,1.0,1.0,1.0,1.0,1.0,4.652352072298527e-05,4.2100837163161486e-05,0.000209432328119874,4.652352072298527e-05,4.2100837163161486e-05,0.000209432328119874,0.00029805669328197837,3.4485969081288204e-05,4.7963039833121e-05,3.4485969081288204e-05,4.7963039833121e-05,8.244901255238801e-05,1.782508843461983e-05,0.00039833076880313456,0.0,0.0,0.0,0.0,0.0,0.0,0.0,0.00029805669328197837,0.00016489802510477602,8.912544581107795e-05,0.0,0.0,0.0005520801641978323,1.0,1.0,0.1666666716337204,2.0,0.029304832220077515,0.029303371906280518,0.03928915411233902,0.03928915411233902,0.025814440101385117,0.025813154876232147,0.0,0.0,0.0,0.1721479743719101,0.17761145532131195,1.0,-0.009981953538954258,0.009981952607631683,0.0,0.0,0.0,0.0,0.5464481115341187,0.5481938123703003,0.0,0.0,0.0,0.0,0.0,0.0,1.0,2.0,5.0,1.0,0.0,1,0.0008443570695817471,0.0005909819155931473,8.624498877907172e-05,8.847423305269331e-05,0.0004162626573815942,0.0002107613836415112,4.2613744881236926e-05,0.0,0.0,1.0,2.00099515914917,1.2143003940582275,1.2292187213897705,20.185802459716797,199.3531494140625,101.25025177001953,125.52387237548828
